date,spx,es,vix,sentiment_score,predicted_trend,actual_trend,actual_spx_close,Match/Miss,news
2025-04-16,5275.74,5306.0,32.64,-6,?? Bearish,nan,,,
2025-04-16,5275.74,5308.75,32.64,-6,?? Bearish,nan,,,
2025-04-16,5275.74,5308.25,32.64,-6,?? Bearish,nan,,,
2025-04-17,5275.7,5328.0,31.22,-4,?? Bearish,nan,,,
2025-04-17,5308.63,5311.5,30.9,1,?? Bearish,nan,,,
2025-04-18,5282.7,5312.75,29.65,6,?? Bullish,nan,,,
2025-04-18,5282.7,5312.75,29.65,0,?? Bullish,nan,,,
2025-04-21,5282.7,5241.0,32.56,0,?? Bearish,nan,,,
2025-04-21,5132.42,5156.0,34.77,-3,?? Bearish,nan,,,
2025-04-22,5158.2,5206.25,33.82,-3,?? Bearish,nan,,,
2025-04-22,5158.2,5223.0,32.43,-3,?? Bearish,nan,,,
2025-04-22,5302.23,5325.0,30.42,3,?? Bullish,nan,,,
2025-04-23,5287.76,5435.0,28.27,12,?? Bullish,nan,,,
2025-04-23,5359.71,5407.75,30.19,-6,?? Bearish,nan,,,
2025-04-24,5375.86,,,3,?? Bullish,nan,,,
2025-04-24,5459.26,,27.2,-6,?? Bearish,nan,,,
2025-04-25,5484.77,5503.0,26.9,-3,?? Bullish,nan,,,
2025-04-25,5498.17,5518.75,25.33,-3,?? Bullish,nan,,,
2025-04-28,5525.21,5543.75,,6,?? Bullish,nan,,,
2025-04-28,5480.35,5502.0,26.22,6,?? Bullish,nan,,,
2025-04-29,5528.75,,25.27,-9,?? Bearish,nan,,,
2025-04-29,5545.34,5575.75,24.58,0,?? Bullish,nan,,,
2025-04-30,5560.83,5565.5,24.93,-6,?? Bearish,nan,,,
2025-04-30,5503.38,5534.75,25.62,3,?? Bullish,nan,,,
2025-05-01,5569.06,5652.25,23.93,0,?? Bullish,nan,,,
2025-05-01,5617.12,5644.75,24.69,0,?? Bullish,nan,,,
2025-05-02,5604.14,5642.5,24.06,-3,?? Bullish,nan,,,
2025-05-02,5694.23,5716.0,22.74,6,?? Bullish,nan,,,
2025-05-05,5686.67,,,0,?? Bullish,nan,,,
2025-05-05,5672.3,5691.75,22.95,-6,?? Bullish,nan,,,
2025-05-06,5650.38,5627.5,24.75,-6,?? Bearish,nan,,,
2025-05-06,5627.69,5645.25,24.3,0,?? Bullish,nan,,,
2025-05-07,5606.91,5659.0,24.66,3,?? Bullish,nan,,,
2025-05-07,5610.63,5636.75,24.51,-3,?? Bullish,nan,,,
2025-05-08,5631.28,5701.0,22.63,-3,?? Bullish,nan,,,
2025-05-08,5708.16,5730.25,22.24,3,?? Bullish,nan,,,
2025-05-09,5663.94,5697.0,22.27,3,?? Bullish,nan,,,
2025-05-09,5659.61,5682.5,22.31,0,?? Bullish,nan,,,
2025-05-12,5659.91,5848.75,20.01,6,?? Bullish,nan,,,
2025-05-12,5810.36,5825.0,18.97,12,?? Bullish,nan,,,
2025-05-13,5844.19,5855.5,,0,?? Bullish,nan,,,
2025-05-13,5887.82,5906.75,18.04,-3,?? Bullish,nan,,,
2025-05-14,5886.55,5915.25,,-3,?? Bullish,nan,,,
2025-05-14,5893.89,5915.25,18.34,0,?? Bullish,nan,,,
2025-05-15,5892.58,5883.75,18.93,-3,?? Bearish,nan,,,
2025-05-15,5906.75,5931.0,18.5,-3,?? Bullish,nan,,,
2025-05-16,5916.93,5952.75,17.37,-6,?? Bullish,nan,,,
2025-05-16,5934.16,5947.75,17.37,9,?? Bullish,nan,,,
2025-05-19,5958.38,5918.0,19.41,0,?? Bearish,nan,,,
2025-05-19,5948.56,5963.5,18.28,3,?? Bullish,nan,,,
2025-05-19,5953.76,5964.75,18.19,6,?? Bullish,nan,,,
2025-05-19,,,18.21,-3,?? Bearish,nan,,,
2025-05-19,5962.01,,18.07,3,?? Bullish,nan,,,
2025-05-19,5963.45,5984.25,,-3,?? Bullish,nan,,,
2025-05-19,5966.27,5983.75,,3,?? Bullish,nan,,,
2025-05-20,5963.6,5969.25,18.15,3,?? Bullish,nan,,,
2025-05-20,5939.99,5956.25,18.03,3,?? Bullish,nan,,,
2025-05-21,5940.46,5928.75,18.78,-3,?? Bearish,nan,,,
2025-05-21,5927.86,5950.0,18.2,6,?? Bullish,nan,,,
2025-05-22,5844.61,5842.75,21.46,3,?? Bullish,nan,,,
2025-05-22,5859.97,5877.75,20.15,0,?? Bullish,nan,,,
2025-05-23,5842.01,5768.5,23.47,6,?? Bullish,nan,,,
2025-05-23,5798.22,5803.5,22.28,-6,?? Bearish,nan,,,
2025-06-04,5970.81,5976.0,17.61,-9,?? Bearish,nan,,,
2025-06-05,5970.81,5996.0,17.54,3,?? Bullish,nan,,,
2025-06-05,5980.32,5994.75,17.28,3,?? Bullish,nan,,,
2025-06-06,5939.3,5994.25,17.14,0,?? Bullish,nan,,,
2025-06-06,5994.06,6005.75,16.88,-3,?? Bullish,nan,,,
2025-06-09,6000.36,6015.5,17.41,-3,?? Bullish,nan,,,
2025-06-09,6011.29,6014.25,17.03,6,?? Bullish,nan,,,
2025-06-10,,6018.25,17.21,0,?? Bullish,nan,,,
2025-06-10,,6033.75,16.88,0,?? Bullish,nan,,,
2025-06-11,6038.81,,16.39,3,?? Bullish,nan,,,
2025-06-11,6037.69,6040.5,16.55,3,?? Bullish,nan,,,
2025-06-12,6022.24,6014.5,18.12,-18,?? Bearish,nan,,,
2025-06-12,6041.22,6037.5,17.96,6,?? Bullish,nan,,,
2025-06-13,6045.26,5990.0,,6,?? Bullish,nan,,,
2025-06-13,6014.67,6022.25,19.27,-3,?? Bearish,nan,,,
2025-06-13,5976.97,5981.5,20.84,-3,?? Bearish,nan,,,
2025-06-16,5976.97,,19.73,0,📈 Bullish,bullish,6037.11,1.0,"🔹 U.S. Treasury yields nudge higher as Israel-Iran conflict continues - https://www.cnbc.com/2025/06/16/us-treasury-yields-middle-east-conflict.html | 🔹 Fog of trade war hangs over economy, but the Fed still has to make a forecast. Here’s what it’s facing. - https://www.marketwatch.com/story/fog-of-trade-war-hangs-over-economy-but-the-fed-still-has-to-make-a-forecast-heres-what-its-facing-6556f8b6 | 🔹 Aggressive Stock Buying On Oil Drop And Israel Gaining Control Of Tehran Skies - https://www.benzinga.com/markets/equities/25/06/45956228/aggressive-stock-buying-on-oil-drop-and-israel-gaining-control-of-tehran-skies | 🔹 Is US Dollar Losing Its Edge? De-Dollarization And Fading Exceptionalism Raise Alarms - Invesco QQQ Trust, Series 1 (NASDAQ:QQQ), SPDR S&P 500 (ARCA:SPY) - https://www.benzinga.com/markets/forex/25/06/45943600/is-us-dollar-losing-its-edge-de-dollarization-and-fading-exceptionalism-raise-alarms"
2025-06-16,6036.35,6094.25,19.16,6,📈 Bullish,bullish,6033.11,1.0,"📈 U.S. Treasury yields nudge higher as Israel-Iran conflict continues - https://www.cnbc.com/2025/06/16/us-treasury-yields-middle-east-conflict.html | 🔹 Fog of trade war hangs over economy, but the Fed still has to make a forecast. Here’s what it’s facing. - https://www.marketwatch.com/story/fog-of-trade-war-hangs-over-economy-but-the-fed-still-has-to-make-a-forecast-heres-what-its-facing-6556f8b6 | 📈 Aggressive Stock Buying On Oil Drop And Israel Gaining Control Of Tehran Skies - https://www.benzinga.com/markets/equities/25/06/45956228/aggressive-stock-buying-on-oil-drop-and-israel-gaining-control-of-tehran-skies | 📉 Is US Dollar Losing Its Edge? De-Dollarization And Fading Exceptionalism Raise Alarms - Invesco QQQ Trust, Series 1 (NASDAQ:QQQ), SPDR S&P 500 (ARCA:SPY) - https://www.benzinga.com/markets/forex/25/06/45943600/is-us-dollar-losing-its-edge-de-dollarization-and-fading-exceptionalism-raise-alarms"
2025-06-17,6033.11,6058.75,20.27,3,📈 Bullish,bearish,5981.67,0.0,"📉 Stocks making the biggest moves premarket: Sunrun, Verve Therapeutics, T-Mobile and more - https://www.cnbc.com/2025/06/17/stocks-making-the-biggest-moves-premarket-run-verv-tmus.html | 📈 U.S. Treasury yields slide after retail sales tumbled in May, raising recession fear - https://www.cnbc.com/2025/06/17/us-treasury-yields-trump-hints-israel-iran-conflict-escalation.html | 🔹 U.S. Treasurys may be losing their safe-haven status — and these bonds could take their place - https://www.marketwatch.com/story/u-s-treasurys-may-be-losing-their-safe-haven-status-and-these-bonds-could-take-their-place-a0321100 | 📈 Trump’s next Fed picks will be a dramatic showdown — with your mortgage payment and retirement savings on the line - https://www.marketwatch.com/story/trumps-next-fed-picks-will-be-a-dramatic-showdown-with-your-mortgage-payment-and-retirement-savings-on-the-line-214d615a | 📉 Solar stocks plummet as Senate version of Trump's tax bill cuts renewable energy incentives - https://www.cnbc.com/2025/06/17/solar-stocks-plummet-as-senate-version-of-trumps-tax-bill-cuts-renewable-energy-incentives.html | 📈 Aggressive Stock Buying On Oil Drop And Israel Gaining Control Of Tehran Skies - https://www.benzinga.com/markets/equities/25/06/45956228/aggressive-stock-buying-on-oil-drop-and-israel-gaining-control-of-tehran-skies"
2025-06-17,6019.6,6077.0,19.91,3,📈 Bullish,bearish,5981.67,0.0,"📈 History of 'near' bear markets bodes well for this current stock comeback - https://www.cnbc.com/2025/06/17/history-of-near-bear-markets-bodes-well-for-this-current-stock-comeback.html | 📈 International stocks are the best trade for the next five years, according to Bank of America... - https://www.cnbc.com/2025/06/17/international-stocks-are-best-trade-for-next-five-years-bofa-survey-says.html | 🔹 Markets are relatively quiet at this stage: TotalEnergies CEO - https://www.cnbc.com/video/2025/06/17/markets-are-relatively-quiet-at-this-stage-totalenergies-ceo.html | 📉 Solar stocks plunge on Senate bill’s tax-credit phase-out, but analysts say investors should be happy - https://www.marketwatch.com/story/solar-stocks-plunge-on-senate-bills-tax-credit-phase-out-but-analysts-say-investors-should-be-happy-95ea6373 | 📈 Aggressive Stock Buying On Oil Drop And Israel Gaining Control Of Tehran Skies - https://www.benzinga.com/markets/equities/25/06/45956228/aggressive-stock-buying-on-oil-drop-and-israel-gaining-control-of-tehran-skies | 📉 Is US Dollar Losing Its Edge? De-Dollarization And Fading Exceptionalism Raise Alarms - Invesco QQQ Trust, Series 1 (NASDAQ:QQQ), SPDR S&P 500 (ARCA:SPY) - https://www.benzinga.com/markets/forex/25/06/45943600/is-us-dollar-losing-its-edge-de-dollarization-and-fading-exceptionalism-raise-alarms"
2025-06-18,5982.72,6044.25,21.22,0,📈 Bullish,bullish,6002.93,1.0,"📉 Stocks making the biggest moves premarket: Sunrun, Korn Ferry, Oracle, Circle and more - https://www.cnbc.com/2025/06/18/stocks-making-the-biggest-moves-premarket-run-kfy-orcl-crcl-and-more.html | 🔹 Stock futures tick higher ahead of the Federal Reserve’s rate decision: Live updates - https://www.cnbc.com/2025/06/17/stock-market-today-live-updates.html | 🔹 Treasury yields are little changed as investors anticipate Fed's rate decision - https://www.cnbc.com/2025/06/18/us-treasury-yields-investors-anticipate-feds-rate-decision-.html | 🔹 Markets are relatively quiet at this stage: TotalEnergies CEO - https://www.cnbc.com/video/2025/06/17/markets-are-relatively-quiet-at-this-stage-totalenergies-ceo.html | 📈 Jobless claims move lower, easing some concerns about labor market health - https://www.marketwatch.com/story/jobless-claims-move-lower-easing-some-concerns-about-labor-market-health-d4ea9227 | 🔹 May’s missing inflation is a mystery — and a sign that the Fed will hold off on rate cuts - https://www.marketwatch.com/story/mays-missing-inflation-is-a-mystery-and-a-sign-that-the-fed-will-hold-off-on-rate-cuts-a011a69c"
2025-06-18,6002.62,6058.0,20.3,15,📈 Bullish,bullish,6002.93,1.0,"📈 Ownership of stocks by households is near a record. Why that could be a bad thing - https://www.cnbc.com/2025/06/18/ownership-of-stocks-by-households-is-near-a-record-why-that-could-be-a-bad-thing.html | 📈 Stocks making the biggest moves midday: Nucor, Sunrun, Affirm, Zoetis, Circle and more - https://www.cnbc.com/2025/06/18/stocks-making-the-biggest-moves-midday-nue-run-afrm-zts-crcl.html | 📈 Stocks rise as traders await Fed decision, new developments in the Middle East: Live updates - https://www.cnbc.com/2025/06/17/stock-market-today-live-updates.html | 📉 Markets are relatively quiet at this stage: TotalEnergies CEO - https://www.cnbc.com/video/2025/06/17/markets-are-relatively-quiet-at-this-stage-totalenergies-ceo.html | 📈 ‘I’d do a much better job’: Trump blasts Powell as Fed expected to hold rates steady - https://www.marketwatch.com/story/id-do-a-much-better-job-trump-blasts-powell-as-fed-expected-to-hold-rates-steady-94114a48 | 📈 Circle Internet’s stock-market surge continues as Senate bill’s passage indicates the federal government is taking stablecoins seriously - https://www.marketwatch.com/story/circle-internets-stock-market-surge-continues-as-senate-bills-passage-indicates-the-federal-government-is-taking-stablecoins-seriously-5acbdb21 | 📈 This steelmaker gives a bullish outlook two weeks after higher tariffs took effect - https://www.marketwatch.com/story/this-steelmaker-gives-a-bullish-outlook-two-weeks-after-higher-tariffs-took-effect-398886aa | 🔹 Momo Buys On Fed Hopium But Prudent Investors Wait For Dot Plot, Trump Gambit Increases Risk - SPDR S&P 500 (ARCA:SPY) - https://www.benzinga.com/markets/equities/25/06/45999285/momo-buys-on-fed-hopium-but-prudent-investors-wait-for-dot-plot-trump-gambit-increases-risk"
2025-06-19,5980.87,5994.0,21.91,-12,📈 Bullish,bearish,5980.87,0.0,"📉 Here's how Wall Street is reacting to the Fed's updated rate cut outlook - https://www.cnbc.com/2025/06/18/heres-how-wall-street-is-reacting-to-the-feds-updated-rate-cut-outlook.html | 🔹 Fed decision recap: Central bank signals stagflation fears, Powell says Fed ‘well positioned to... - https://www.cnbc.com/2025/06/18/fed-meeting-live-updates-feds-interest-rate-projections-loom.html | 📉 Dow posts narrow loss after Fed signals it’s in no hurry to cut rates: Live updates - https://www.cnbc.com/2025/06/17/stock-market-today-live-updates.html | 🔹 Markets are relatively quiet at this stage: TotalEnergies CEO - https://www.cnbc.com/video/2025/06/17/markets-are-relatively-quiet-at-this-stage-totalenergies-ceo.html | 📈 Zero interest-rate policy is back as Switzerland cuts rates by a quarter-point down to nothing - https://www.marketwatch.com/story/zero-interest-rate-policy-is-back-as-switzerland-cuts-rates-by-a-quarter-point-down-to-nothing-c05c26a8 | 📉 Global stocks fall, oil futures rise, on a report U.S. may soon strike Iran - https://www.marketwatch.com/story/global-stocks-fall-oil-futures-rise-on-a-report-u-s-may-soon-strike-iran-234f474e | 📉 Powell sticks it to Trump on interest rates — and beyond - https://www.marketwatch.com/story/powell-sticks-it-to-trump-on-interest-rates-and-beyond-4f1ca934 | 📉 Inflation, tariffs put the brakes on this gun maker’s sales - https://www.marketwatch.com/story/inflation-tariffs-put-the-brakes-on-this-gun-makers-sales-23c5c252"
2025-06-19,5980.87,5985.75,22.17,-3,📉 Bearish,bearish,5980.87,1.0,"🔹 Here's how Wall Street is reacting to the Fed's updated rate cut outlook - https://www.cnbc.com/2025/06/18/heres-how-wall-street-is-reacting-to-the-feds-updated-rate-cut-outlook.html | 🔹 Fed decision recap: Central bank signals stagflation fears, Powell says Fed ‘well positioned to... - https://www.cnbc.com/2025/06/18/fed-meeting-live-updates-feds-interest-rate-projections-loom.html | 📉 Dow posts narrow loss after Fed signals it’s in no hurry to cut rates: Live updates - https://www.cnbc.com/2025/06/17/stock-market-today-live-updates.html | 🔹 Markets are relatively quiet at this stage: TotalEnergies CEO - https://www.cnbc.com/video/2025/06/17/markets-are-relatively-quiet-at-this-stage-totalenergies-ceo.html"
2025-06-20,5980.87,6049.75,19.31,-6,📈 Bullish,bearish,5974.0,0.0,"📉 Stocks making the biggest moves premarket: CarMax, Darden Restaurants, Accenture, GMS - https://www.cnbc.com/2025/06/20/stocks-making-the-biggest-moves-premarket-kmx-gms-dri-acn-gms.html | 📈 Stock futures gain as Fed's Waller sees rate cut ahead, Trump delays Iran strike decision: Live... - https://www.cnbc.com/2025/06/19/stock-market-today-live-updates.html | 🔹 Markets are relatively quiet at this stage: TotalEnergies CEO - https://www.cnbc.com/video/2025/06/17/markets-are-relatively-quiet-at-this-stage-totalenergies-ceo.html | 🔹 Meme stocks and Robinhood users show why long-term investing is your best bet - https://www.marketwatch.com/story/meme-stocks-and-robinhood-users-show-why-long-term-investing-is-your-best-bet-6113d143 | 🔹 In race to attract data centers, states forfeit hundreds of millions of dollars in tax revenue to tech companies - https://www.cnbc.com/2025/06/20/tax-breaks-for-tech-giants-data-centers-mean-less-income-for-states.html | 📉 Sabrina Carpenter is topping charts, and has a real estate portfolio to prove it - https://www.marketwatch.com/story/sabrina-carpenter-is-topping-charts-and-has-a-real-estate-portfolio-to-prove-it-cf79006e | 📉 Momo Buys On Fed Hopium But Prudent Investors Wait For Dot Plot, Trump Gambit Increases Risk - SPDR S&P 500 (ARCA:SPY) - https://www.benzinga.com/markets/equities/25/06/45999285/momo-buys-on-fed-hopium-but-prudent-investors-wait-for-dot-plot-trump-gambit-increases-risk"
2025-06-20,5977.86,6026.25,20.13,0,📈 Bullish,bearish,5974.0,0.0,"📈 Stocks making the biggest moves midday: GXO Logistics, CarMax, Nvidia, Circle and more - https://www.cnbc.com/2025/06/20/stocks-making-the-biggest-moves-midday-gxo-kmx-nvda-crcl.html | 📉 S&P 500 is little changed a day after holiday as traders weigh next moves by the Fed and Trump: Live... - https://www.cnbc.com/2025/06/19/stock-market-today-live-updates.html | 📈 Stocks making the biggest moves premarket: CarMax, Darden Restaurants, Accenture, GMS - https://www.cnbc.com/2025/06/20/stocks-making-the-biggest-moves-premarket-kmx-gms-dri-acn-gms.html | 🔹 10-year Treasury yield is flat. Fed's Waller advocates for July cut - https://www.cnbc.com/2025/06/20/us-treasury-yields-little-changed-as-trump-considers-strike-on-iran.html | 📉 Commerce Sec. Howard Lutnick: China tariff levels are set and won't change from here - https://www.cnbc.com/video/2025/06/11/commerce-sec-howard-lutnick-china-tariff-levels-are-set-and-wont-change-from-here.html"
2025-06-23,5967.84,6023.75,20.77,3,📈 Bullish,bullish,6023.73,1.0,"📈 Stocks making the biggest moves premarket: Tesla, Northern Trust, DoorDash, Northrop Grumman, Exxon... - https://www.cnbc.com/2025/06/23/stocks-making-the-biggest-moves-premarket-tsla-ntrs-dash-xom-and-more.html | 🔹 Commerce Sec. Howard Lutnick: China tariff levels are set and won't change from here - https://www.cnbc.com/video/2025/06/11/commerce-sec-howard-lutnick-china-tariff-levels-are-set-and-wont-change-from-here.html | 📈 The U.S. bull market is intact — and a key signal is coming from Tel Aviv, says this strategist - https://www.marketwatch.com/story/the-u-s-bull-market-is-intact-and-a-key-signal-is-coming-from-tel-aviv-says-this-strategist-c085b605 | 📉 Stocks May Not Need A Fed Rate Cut—But Bonds Could Be In Trouble, Says Sage Advisory - Invesco QQQ Trust, Series 1 (NASDAQ:QQQ), SPDR S&P 500 (ARCA:SPY) - https://www.benzinga.com/markets/equities/25/06/46047373/stocks-may-not-need-a-fed-rate-cut-but-bonds-could-be-in-trouble-says-sage-advisory | 🔹 Stocks Playbook for Geopolitical Tensions (Overreacting is Costly) - https://finance.yahoo.com/news/stocks-playbook-geopolitical-tensions-overreacting-173006606.html"
2025-06-23,5964.77,6013.75,21.48,3,📈 Bullish,bullish,6023.73,1.0,"📈 Stocks making the biggest moves midday: Tesla, Novo Nordisk, Hims & Hers, Northern Trust, Fiserv and... - https://www.cnbc.com/2025/06/23/stocks-making-the-biggest-moves-midday-tsl-nvo-hims-ntrs.html | 📉 Fed Governor Bowman favors July interest rate cut if inflation stays low - https://www.cnbc.com/2025/06/23/fed-governor-bowman-favors-july-interest-rate-cut-if-inflation-stays-low.html | 📈 Why markets aren't selling off, even after U.S. attack on Iran - https://www.cnbc.com/2025/06/23/why-markets-arent-selling-off-even-after-us-attack-on-iran.html | 🔹 Commerce Sec. Howard Lutnick: China tariff levels are set and won't change from here - https://www.cnbc.com/video/2025/06/11/commerce-sec-howard-lutnick-china-tariff-levels-are-set-and-wont-change-from-here.html | 🔹 Jim Cramer says Apple needs to change course — plus, he highlights 2 stocks to buy now - https://www.cnbc.com/2025/06/23/jim-cramer-says-apple-needs-to-change-course-plus-he-highlights-2-stocks-to-buy-now.html | 📈 20 oil stocks passing a quality screen as investors wonder what Iran will do next - https://www.marketwatch.com/story/20-oil-stocks-passing-a-quality-screen-as-investors-wonder-what-iran-will-do-next-71bf037e | 📉 Businesses face rising inflation due to tariffs. Will consumers get hit next? - https://www.marketwatch.com/story/businesses-face-rising-inflation-due-to-tariffs-will-consumers-get-hit-next-74f015fb | 📉 Momo Crowd Buys Stocks Believing Iran Is A Paper Tiger, Russia Talks Nuclear Warheads For Iran - SPDR S&P 500 (ARCA:SPY) - https://www.benzinga.com/markets/equities/25/06/46053548/momo-crowd-buys-stocks-believing-iran-is-a-paper-tiger-russia-talks-nuclear-warheads-for-iran | 🔹 How To Trade SPY, Top Tech Stocks Using Technical Analysis - NVIDIA (NASDAQ:NVDA) - https://www.benzinga.com/markets/equities/25/06/46050714/how-to-trade-spy-top-tech-stocks-using-technical-analysis | 📈 Stocks May Not Need A Fed Rate Cut—But Bonds Could Be In Trouble, Says Sage Advisory - Invesco QQQ Trust, Series 1 (NASDAQ:QQQ), SPDR S&P 500 (ARCA:SPY) - https://www.benzinga.com/markets/equities/25/06/46047373/stocks-may-not-need-a-fed-rate-cut-but-bonds-could-be-in-trouble-says-sage-advisory"
2025-06-24,6025.17,6118.0,18.09,0,📈 Bullish,bullish,6091.16,1.0,"🔹 Stocks making the biggest moves premarket: Carnival, Chewy, KB Home, Lockheed Martin and more - https://www.cnbc.com/2025/06/24/stocks-making-the-biggest-moves-premarket-ccl-chwy-kbh-lmt.html | 📉 Powell emphasizes Fed's obligation to prevent 'ongoing inflation problem' despite Trump criticism - https://www.cnbc.com/2025/06/24/powell-emphasizes-feds-obligation-to-prevent-ongoing-inflation-problem-despite-trump-criticism.html | 🔹 U.S. Treasury yields add to gains after Powell says the Fed can wait to cut rates - https://www.cnbc.com/2025/06/24/us-treasury-yields-donald-trump-israel-iran-ceasefire.html | 🔹 The future of exchanges: Global capital flows in the age of Trump, tariffs and trade wars - https://www.cnbc.com/video/2025/06/23/global-capital-flows-in-the-age-of-trump-tariffs-and-trade-wars.html | 📈 Commerce Sec. Howard Lutnick: China tariff levels are set and won't change from here - https://www.cnbc.com/video/2025/06/11/commerce-sec-howard-lutnick-china-tariff-levels-are-set-and-wont-change-from-here.html | 📈 Powell says tariffs likely to boost inflation, mum on future rate cuts - https://www.marketwatch.com/story/powell-says-tariffs-likely-to-boost-inflation-mum-on-future-rate-cuts-de495874 | 🔹 Forget the ‘Magnificent Seven’ — these 7 cheap tech and AI stocks are better buys right now - https://www.marketwatch.com/story/forget-the-magnificent-seven-these-7-cheap-tech-and-ai-stocks-are-better-buys-right-now-5ed65ad2 | 🔹 Want in on Trump’s newest deregulation play? These energy stocks and ETFs could deliver big gains from uranium’s surge. - https://www.marketwatch.com/story/want-in-on-trumps-newest-deregulation-play-these-energy-stocks-and-etfs-could-deliver-big-gains-from-uraniums-surge-32949c64 | 📉 Why falling oil prices could actually push stocks down the well - https://www.marketwatch.com/story/why-falling-oil-prices-could-actually-push-stocks-down-the-well-baaf186c | 🔹 Too complacent? This bank argues markets aren’t bullish enough - https://www.marketwatch.com/story/too-complacent-this-bank-argues-markets-arent-bullish-enough-eac942b7 | 🔹 Momo Crowd Buys Stocks Believing Iran Is A Paper Tiger, Russia Talks Nuclear Warheads For Iran - SPDR S&P 500 (ARCA:SPY) - https://www.benzinga.com/markets/equities/25/06/46053548/momo-crowd-buys-stocks-believing-iran-is-a-paper-tiger-russia-talks-nuclear-warheads-for-iran"
2025-06-24,6092.3,6143.0,17.63,-9,📈 Bullish,bearish,6091.16,0.0,"📉 Watch Fed Chair Powell testify live on interest rate policy before House committee - https://www.cnbc.com/2025/06/24/watch-fed-chair-powell-testify-live-on-interest-rate-policy-before-house-committee.html | 📉 Powell emphasizes Fed's obligation to prevent 'ongoing inflation problem' despite Trump criticism - https://www.cnbc.com/2025/06/24/powell-emphasizes-feds-obligation-to-prevent-ongoing-inflation-problem-despite-trump-criticism.html | 🔹 The future of exchanges: Global capital flows in the age of Trump, tariffs and trade wars - https://www.cnbc.com/video/2025/06/23/global-capital-flows-in-the-age-of-trump-tariffs-and-trade-wars.html | 📈 Commerce Sec. Howard Lutnick: China tariff levels are set and won't change from here - https://www.cnbc.com/video/2025/06/11/commerce-sec-howard-lutnick-china-tariff-levels-are-set-and-wont-change-from-here.html | 📉 We're trimming two stocks to lock in big gains — and would like to sell a third - https://www.cnbc.com/2025/06/24/were-trimming-two-stocks-to-lock-in-gains-and-want-to-sell-a-third-.html | 📈 Carnival’s stock jumps as strong last-minute bookings fuel another earnings beat - https://www.marketwatch.com/story/carnival-stock-rises-on-better-than-expected-q2-results-and-raised-outlook-6f7d1f66 | 📉 Momo Crowd Buys Stocks Believing Iran Is A Paper Tiger, Russia Talks Nuclear Warheads For Iran - SPDR S&P 500 (ARCA:SPY) - https://www.benzinga.com/markets/equities/25/06/46053548/momo-crowd-buys-stocks-believing-iran-is-a-paper-tiger-russia-talks-nuclear-warheads-for-iran | 📉 How To Trade SPY, Top Tech Stocks Using Technical Analysis - NVIDIA (NASDAQ:NVDA) - https://www.benzinga.com/markets/equities/25/06/46050714/how-to-trade-spy-top-tech-stocks-using-technical-analysis"
2025-06-25,6092.18,6157.25,17.07,3,📈 Bullish,bearish,6087.35,0.0,"🔹 Stocks making the biggest moves premarket: FedEx, Coinbase, Bumble and more - https://www.cnbc.com/2025/06/25/stocks-making-big-moves-premarket-fedex-coinbase-yum-brands-and-more.html | 📈 Treasury yields hold steady as investors monitor Israel-Iran ceasefire - https://www.cnbc.com/2025/06/25/us-treasury-yields-investors-monitor-israel-iran-ceasefire-.html | 🔹 Global capital flows in the age of Trump, tariffs and trade wars - https://www.cnbc.com/video/2025/06/23/global-capital-flows-in-the-age-of-trump-tariffs-and-trade-wars.html | 🔹 Commerce Sec. Howard Lutnick: China tariff levels are set and won't change from here - https://www.cnbc.com/video/2025/06/11/commerce-sec-howard-lutnick-china-tariff-levels-are-set-and-wont-change-from-here.html | 🔹 Why more big companies like Sherwin-Williams are talking about immigration on their earnings calls - https://www.marketwatch.com/story/why-more-big-companies-like-sherwin-williams-are-talking-about-immigration-on-their-earnings-calls-e71c9bf7 | 🔹 The next great WFH trend will be ‘War from Home,’ says this strategist - https://www.marketwatch.com/story/the-next-great-wfh-trend-will-be-war-from-home-says-this-strategist-18897c02 | 📈 ETF Flows Hit $500B in 2025: Retail Investors Buy the Dip Amid Volatility - https://www.wealthmanagement.com/etfs/retail-investors-power-u-s-etf-flows-past-500b-in-2025-despite-macro-risks | 📉 Momo Crowd Buys Stocks Believing Iran Is A Paper Tiger, Russia Talks Nuclear Warheads For Iran - SPDR S&P 500 (ARCA:SPY) - https://www.benzinga.com/markets/equities/25/06/46053548/momo-crowd-buys-stocks-believing-iran-is-a-paper-tiger-russia-talks-nuclear-warheads-for-iran"
2025-06-25,6093.24,6145.75,17.27,3,📈 Bullish,bearish,6087.35,0.0,"📉 Global capital flows in the age of Trump, tariffs and trade wars - https://www.cnbc.com/video/2025/06/23/global-capital-flows-in-the-age-of-trump-tariffs-and-trade-wars.html | 📈 Commerce Sec. Howard Lutnick: China tariff levels are set and won't change from here - https://www.cnbc.com/video/2025/06/11/commerce-sec-howard-lutnick-china-tariff-levels-are-set-and-wont-change-from-here.html | 📈 Our top 3 gainers and laggards over the past month amid tariff and Mideast uncertainty - https://www.cnbc.com/2025/06/25/gainers-laggards-over-the-past-month-amid-tariff-mideast-uncertainty.html | 🔹 Mamdani’s victory could be a loss for investors in these New York City real-estate stocks - https://www.marketwatch.com/story/mamdanis-victory-could-be-a-loss-for-investors-in-these-new-york-city-real-estate-stocks-c21ed182"
2025-06-26,,6162.5,16.68,-6,📉 Bearish,bearish,6133.93,1.0,"📉 Treasury yields fall as concerns grow over Trump's criticism of Powell - https://www.cnbc.com/2025/06/26/us-treasury-yields-concerns-grow-over-trumps-powell-criticism-.html | 📉 Stocks making the biggest moves after hours: Micron, H.B. Fuller, Kratos Defense & Security... - https://www.cnbc.com/2025/06/25/stocks-making-the-biggest-moves-after-hours-mu-ful-ktos.html | 📉 Global capital flows in the age of Trump, tariffs and trade wars - https://www.cnbc.com/video/2025/06/23/global-capital-flows-in-the-age-of-trump-tariffs-and-trade-wars.html | 🔹 Commerce Sec. Howard Lutnick: China tariff levels are set and won't change from here - https://www.cnbc.com/video/2025/06/11/commerce-sec-howard-lutnick-china-tariff-levels-are-set-and-wont-change-from-here.html | 📉 Jobless claims fall to 6-week low — no sign of surging layoffs - https://www.marketwatch.com/story/jobless-claims-fall-to-6-week-low-no-sign-of-surging-layoffs-6c801de6 | 📈 Corporate America confident Trump's 'One Big Beautiful Bill' will be passed: CFO survey - https://www.cnbc.com/2025/06/26/corporate-america-confident-trump-tax-cuts-bill-will-pass-cfo-survey.html | 📈 ETF Flows Hit $500B in 2025: Retail Investors Buy the Dip Amid Volatility - https://www.wealthmanagement.com/etfs/retail-investors-power-u-s-etf-flows-past-500b-in-2025-despite-macro-risks"
2025-06-26,6132.43,6186.5,16.39,3,📈 Bullish,bullish,6133.93,1.0,"📈 Stocks rise, lifting S&P 500 to within inches from new record: Live updates - https://www.cnbc.com/2025/06/25/stock-market-today-live-updates.html | 🔹 Global capital flows in the age of Trump, tariffs and trade wars - https://www.cnbc.com/video/2025/06/23/global-capital-flows-in-the-age-of-trump-tariffs-and-trade-wars.html | 🔹 Commerce Sec. Howard Lutnick: China tariff levels are set and won't change from here - https://www.cnbc.com/video/2025/06/11/commerce-sec-howard-lutnick-china-tariff-levels-are-set-and-wont-change-from-here.html | 🔉 Mortgage rates drop to a 7-week low, with investors optimistic about a Fed rate cut in July - https://www.marketwatch.com/story/mortgage-rates-drop-to-a-7-week-low-with-investors-optimistic-about-a-fed-rate-cut-in-july-30e55b49 | 📉 What’s the downside of an assumable mortgage with a 2.5% interest rate? The house only costs $350,000. - https://www.marketwatch.com/story/whats-the-downside-of-an-assumable-mortgage-with-a-2-5-interest-rate-the-house-only-costs-350-000-e8276139 | 📈 ETF Flows Hit $500B in 2025: Retail Investors Buy the Dip Amid Volatility - https://www.wealthmanagement.com/etfs/retail-investors-power-u-s-etf-flows-past-500b-in-2025-despite-macro-risks"
2025-06-27,6141.02,6209.25,16.25,-9,📈 Bullish,bullish,6181.25,1.0,"📈 Stocks making the biggest moves premarket: Nike, Core Scientific, Pony.ai and more - https://www.cnbc.com/2025/06/27/stocks-making-the-biggest-moves-premarket-nke-corz-pony.html | 🔹 10-year Treasury yield is steady as Fed's favorite inflation measure comes in a bit hot - https://www.cnbc.com/2025/06/27/us-treasury-yields-investors-await-feds-preferred-inflation-gauge.html | 📉 Stocks making the biggest moves after hours: Nike, Core Scientific and more - https://www.cnbc.com/2025/06/26/stocks-making-the-biggest-moves-after-hours-nke-corz-more.html | 🔹 Global capital flows in the age of Trump, tariffs and trade wars - https://www.cnbc.com/video/2025/06/23/global-capital-flows-in-the-age-of-trump-tariffs-and-trade-wars.html | 📉 Commerce Sec. Howard Lutnick: China tariff levels are set and won't change from here - https://www.cnbc.com/video/2025/06/11/commerce-sec-howard-lutnick-china-tariff-levels-are-set-and-wont-change-from-here.html | 📉 UK auto production for May slumps to lowest level since 1949 as Trump tariffs hit hard - https://www.cnbc.com/2025/06/27/trump-tariffs-uk-car-and-vehicle-output-falls-to-76-year-low-in-may.html | 🔹 Consumers cut spending on cars and other goods when tariffs kicked in. What will they do next? - https://www.marketwatch.com/story/consumers-cut-spending-on-cars-and-other-goods-when-tariffs-kicked-in-what-will-they-do-next-a11e7fc8 | 📈 Inflatio not showing much sign of tariff-tied increase, but Fed still not aiming to cut rates soon - https://www.marketwatch.com/story/inflatio-not-showing-much-sign-of-tariff-tied-increase-but-fed-still-not-aiming-to-cut-rates-soon-c1d9f62d | 📉 There’s an important market indicator that suggests investors remain wary. It’s good news for stocks. - https://www.marketwatch.com/story/theres-an-important-market-indicator-that-suggests-investors-remain-wary-its-good-news-for-stocks-506d96bd | 📉 McCormick is focused on mitigating tariff impact on agriculture, says CEO Brendan Foley - https://www.cnbc.com/2025/06/26/mccormick-is-focused-on-mitigating-tariff-impact-on-agriculture-ceo.html"
2025-06-27,,6238.0,16.43,0,📈 Bullish,bearish,6181.25,0.0,"🔹 Stocks making the biggest moves midday: Nike, Uber, Newmont, Trade Desk and more - https://www.cnbc.com/2025/06/27/stocks-making-the-biggest-moves-midday-nke-uber-nem-and-ttd.html | 📉 Global capital flows in the age of Trump, tariffs and trade wars - https://www.cnbc.com/video/2025/06/23/global-capital-flows-in-the-age-of-trump-tariffs-and-trade-wars.html | 📈 Commerce Sec. Howard Lutnick: China tariff levels are set and won't change from here - https://www.cnbc.com/video/2025/06/11/commerce-sec-howard-lutnick-china-tariff-levels-are-set-and-wont-change-from-here.html | 🔹 UK auto production for May slumps to lowest level since 1949 as Trump tariffs hit hard - https://www.cnbc.com/2025/06/27/trump-tariffs-uk-car-and-vehicle-output-falls-to-76-year-low-in-may.html | 📉 Deep inside U.S. economy, more sticker prices start going up due to tariffs, and inventory is headed down - https://www.cnbc.com/2025/06/27/deep-inside-economy-more-sticker-prices-start-to-go-up-due-to-tariffs.html | 📈 ETF Flows Hit $500B in 2025: Retail Investors Buy the Dip Amid Volatility - https://www.wealthmanagement.com/etfs/retail-investors-power-u-s-etf-flows-past-500b-in-2025-despite-macro-risks"
2025-06-30,6173.07,6248.25,16.32,3,📈 Bullish (Confidence: 0.77),bullish,6189.26,1.0,"🔹 Why oil prices swung so wildly during the Iran-Israel conflict and where the market goes from here - https://www.cnbc.com/2025/06/29/oil-prices-iran-israel-conflict-nuclear-trump-sanctions.html — Discussion of past events and future possibilities without clear directional sentiment | 📈 Traders head into the second half of the year with stocks at all-time highs, jobs report pending - https://www.cnbc.com/2025/06/27/stock-market-next-week-outlook-for-june-30-july-4-2025.html — Mention of stocks at all-time highs suggests positive market sentiment | 📈 Bull market officially lives on with fresh S&P record, nears 1000 days - https://www.cnbc.com/2025/06/27/bull-market-officially-lives-on-with-fresh-sp-record-nears-1000-days.html — Reference to a bull market and a fresh S&P record indicates strong positive sentiment | 🔹 Global capital flows in the age of Trump, tariffs and trade wars - https://www.cnbc.com/video/2025/06/23/global-capital-flows-in-the-age-of-trump-tariffs-and-trade-wars.html — General discussion of global capital flows under political conditions, lacks specific market direction | 🔹 Commerce Sec. Howard Lutnick: China tariff levels are set and won't change from here - https://www.cnbc.com/video/2025/06/11/commerce-sec-howard-lutnick-china-tariff-levels-are-set-and-wont-change-from-here.html — Stable tariff levels imply no change in market conditions, neutral impact | 📉 UK auto production for May slumps to lowest level since 1949 as Trump tariffs hit hard - https://www.cnbc.com/2025/06/27/trump-tariffs-uk-car-and-vehicle-output-falls-to-76-year-low-in-may.html — Significant slump in production due to tariffs indicates negative sentiment"
2025-06-30,,6247.0,17.1,0,🔹 Neutral (Confidence: 0.74),bearish,6189.26,0.0,"🔹 Stocks making the biggest moves premarket: Meta, Moderna, Hewlett Packard Enterprise, Juniper... - https://www.cnbc.com/2025/06/30/stocks-making-the-biggest-moves-premarket-meta-mrna-hpe-jnpr.html — Headline lists companies but does not specify direction of movement | 📈 Dow futures jump 200 points, S&P looks to add to record as investors bet on trade deals ahead: Live... - https://www.cnbc.com/2025/06/29/stock-market-today-live-updateshtml.html — Positive sentiment due to rising futures and expectations of trade deals | 🔹 Treasury yields tick lower as Trump's spending bill in focus - https://www.cnbc.com/2025/06/30/us-treasury-yields-investors-monitor-vote-on-trumps-spending-bill-.html — Focus on a spending bill, but impact on markets unclear | 🔹 Why oil prices swung so wildly during the Iran-Israel conflict and where the market goes from here - https://www.cnbc.com/2025/06/29/oil-prices-iran-israel-conflict-nuclear-trump-sanctions.html — Discussion of past price swings and future outlook, unclear direction | 🔹 Global capital flows in the age of Trump, tariffs and trade wars - https://www.cnbc.com/video/2025/06/23/global-capital-flows-in-the-age-of-trump-tariffs-and-trade-wars.html — Analytical discussion on global capital flows, no clear market direction | 🔹 Commerce Sec. Howard Lutnick: China tariff levels are set and won't change from here - https://www.cnbc.com/video/2025/06/11/commerce-sec-howard-lutnick-china-tariff-levels-are-set-and-wont-change-from-here.html — Stability in tariff levels, neutral impact on market sentiment | 📉 UK auto production for May slumps to lowest level since 1949 as Trump tariffs hit hard - https://www.cnbc.com/2025/06/27/trump-tariffs-uk-car-and-vehicle-output-falls-to-76-year-low-in-may.html — Negative impact of tariffs on UK auto production"
2025-06-30,6190.91,6237.5,17.13,0,🔹 Neutral (Confidence: 0.78),bearish,6189.26,0.0,"📈 Morgan Stanley knocks down one of the big fears that was building around Trump's tariff fights - https://www.cnbc.com/2025/06/30/morgan-stanley-downplays-a-fear-that-was-building-around-trumps-tariffs.html — Morgan Stanley downplays fears related to tariffs, suggesting less negative impact than expected | 📉 Clean energy stocks fall as Trump bill taxes components from China, phases out credits - https://www.cnbc.com/2025/06/30/solar-stocks-fall-as-trump-bill-taxes-components-from-china.html — Clean energy stocks fall due to new taxes and reduced credits | 📈 S&P 500 rises to another record to wrap up second-quarter comeback: Live updates - https://www.cnbc.com/2025/06/29/stock-market-today-live-updateshtml.html — S&P 500 reaches a new record, indicating positive market sentiment | 🔹 Global capital flows in the age of Trump, tariffs and trade wars - https://www.cnbc.com/video/2025/06/23/global-capital-flows-in-the-age-of-trump-tariffs-and-trade-wars.html — Discussion of global capital flows in current political and economic context is informative but not directly market-moving | 🔹 Commerce Sec. Howard Lutnick: China tariff levels are set and won't change from here - https://www.cnbc.com/video/2025/06/11/commerce-sec-howard-lutnick-china-tariff-levels-are-set-and-wont-change-from-here.html — Stability in tariff levels could mean no further negative surprises, but impact is neutral without additional context | 📉 UK auto production for May slumps to lowest level since 1949 as Trump tariffs hit hard - https://www.cnbc.com/2025/06/27/trump-tariffs-uk-car-and-vehicle-output-falls-to-76-year-low-in-may.html — Significant slump in UK auto production due to tariffs indicates negative impact on the industry"
2025-07-01,,,17.27,-6,📉 Bearish (Confidence: 0.75),bearish,6199.63,1.0,"🔹 Stocks making the biggest moves premarket: Tesla, Sweetgreen, Hasbro, AeroVironment and more - https://www.cnbc.com/2025/07/01/stocks-making-the-biggest-moves-premarket-tsla-sg-avav-has-and-more.html — Headline lists stocks moving but does not specify direction of movement | 📉 Global capital flows in the age of Trump, tariffs and trade wars - https://www.cnbc.com/video/2025/06/23/global-capital-flows-in-the-age-of-trump-tariffs-and-trade-wars.html — Discussion of tariffs and trade wars generally has a negative impact on market sentiment | 🔹 Commerce Sec. Howard Lutnick: China tariff levels are set and won't change from here - https://www.cnbc.com/video/2025/06/11/commerce-sec-howard-lutnick-china-tariff-levels-are-set-and-wont-change-from-here.html — Stability in tariff levels could be interpreted as either positive or negative, but the headline itself is neutral | 📉 UK auto production for May slumps to lowest level since 1949 as Trump tariffs hit hard - https://www.cnbc.com/2025/06/27/trump-tariffs-uk-car-and-vehicle-output-falls-to-76-year-low-in-may.html — Slump in auto production to a historic low due to tariffs is clearly negative"
2025-07-01,6198.35,6244.75,16.86,0,🔹 Neutral (Confidence: 0.77),bullish,6199.63,0.0,"🔹 Stocks making the biggest moves midday: Tesla, Tandem Diabetes, GE Vernova, Hasbro and more - https://www.cnbc.com/2025/07/01/stocks-making-the-biggest-moves-midday-tsla-tndm-gev-has-more.html — Headline lists stock movements without indicating overall market direction | 📈 How to play one of the hottest regions in the world for stocks - https://www.cnbc.com/2025/07/01/how-to-play-one-of-the-hottest-regions-in-the-world-for-stocks.html — Describes a region as 'hottest' for stocks, implying positive performance | 🔹 Dow rallies, S&P 500 is flat as investors rotate out of tech to start new quarter: Live updates - https://www.cnbc.com/2025/06/30/stock-market-today-live-updates.html — Mixed signals with Dow rallying but S&P 500 flat and tech rotation | 🔹 Global capital flows in the age of Trump, tariffs and trade wars - https://www.cnbc.com/video/2025/06/23/global-capital-flows-in-the-age-of-trump-tariffs-and-trade-wars.html — Discusses global capital flows in a challenging political context, neutral on market direction | 🔹 Commerce Sec. Howard Lutnick: China tariff levels are set and won't change from here - https://www.cnbc.com/video/2025/06/11/commerce-sec-howard-lutnick-china-tariff-levels-are-set-and-wont-change-from-here.html — Stable tariff levels suggest no change in current economic policies | 📉 UK auto production for May slumps to lowest level since 1949 as Trump tariffs hit hard - https://www.cnbc.com/2025/06/27/trump-tariffs-uk-car-and-vehicle-output-falls-to-76-year-low-in-may.html — Indicates a significant slump in UK auto production due to tariffs"
2025-07-02,6198.01,6240.5,17.27,-9,📉 Bearish (Confidence: 0.7),nan,,,"🔹 Stocks making the biggest moves premarket: Centene, JPMorgan, Cava and more - https://www.cnbc.com/2025/07/02/stocks-making-the-biggest-moves-premarket-cnc-jpm-cava-and-more.html — Headline lists companies but does not specify positive or negative movement | 📉 10-year Treasury yield remains higher despite weak ADP jobs report - https://www.cnbc.com/2025/07/02/us-treasury-yields-investors-weigh-trumps-big-beautiful-bill-.html — Higher Treasury yields despite weak jobs report suggests negative economic sentiment | 📉 Global capital flows in the age of Trump, tariffs and trade wars - https://www.cnbc.com/video/2025/06/23/global-capital-flows-in-the-age-of-trump-tariffs-and-trade-wars.html — Discussion of tariffs and trade wars generally has a negative impact on market sentiment | 🔹 Commerce Sec. Howard Lutnick: China tariff levels are set and won't change from here - https://www.cnbc.com/video/2025/06/11/commerce-sec-howard-lutnick-china-tariff-levels-are-set-and-wont-change-from-here.html — Statement about tariff levels being set indicates stability but does not directly imply market movement | 📉 UK auto production for May slumps to lowest level since 1949 as Trump tariffs hit hard - https://www.cnbc.com/2025/06/27/trump-tariffs-uk-car-and-vehicle-output-falls-to-76-year-low-in-may.html — Significant slump in auto production due to tariffs indicates negative impact on the industry"
2025-07-02,6217.38,6264.5,16.72,0,🔹 Neutral (Confidence: 0.77),nan,,,"📈 Ether and related stocks gain amid the latest crypto craze: Tokenization - https://www.cnbc.com/2025/07/02/ether-and-related-stocks-gain-amid-the-latest-crypto-craze-tokenization.html — Positive news on gains related to crypto tokenization | 🔹 Stocks making the biggest moves midday: Tesla, Centene, Robinhood, Nike and more - https://www.cnbc.com/2025/07/02/stocks-making-the-biggest-moves-midday-tsla-cnc-hood-nke.html — Listing of stocks moving without specific directional sentiment | 🔹 S&P 500 rises after Trump announces Vietnam trade deal; gains limited by weak jobs data: Live... - https://www.cnbc.com/2025/07/01/stock-market-today-live-updates.html — Mixed influences with trade deal and weak jobs data | 🔹 Global capital flows in the age of Trump, tariffs and trade wars - https://www.cnbc.com/video/2025/06/23/global-capital-flows-in-the-age-of-trump-tariffs-and-trade-wars.html — General discussion on global capital flows and trade policies | 🔹 Commerce Sec. Howard Lutnick: China tariff levels are set and won't change from here - https://www.cnbc.com/video/2025/06/11/commerce-sec-howard-lutnick-china-tariff-levels-are-set-and-wont-change-from-here.html — Stable policy announcement on tariffs | 📉 UK auto production for May slumps to lowest level since 1949 as Trump tariffs hit hard - https://www.cnbc.com/2025/06/27/trump-tariffs-uk-car-and-vehicle-output-falls-to-76-year-low-in-may.html — Negative impact of tariffs on UK auto production"
2025-07-03,6227.42,6286.5,16.22,0,🔹 Neutral (Confidence: 0.74),bullish,6279.35,0.0,"🔹 Stocks making the biggest moves premarket: Synopsys, Tripadvisor, Datadog, Robinhood and more - https://www.cnbc.com/2025/07/03/stocks-making-the-biggest-moves-premarket-snps-trip-ddog-hood-and-more.html — List of stocks moving without specific direction indicated | 📈 10-year Treasury yield leaps after June jobs figures are much better than forecast - https://www.cnbc.com/2025/07/03/us-treasury-yields-investors-await-junes-big-jobs-report-.html — Positive jobs report suggests strong economy | 🔹 Global capital flows in the age of Trump, tariffs and trade wars - https://www.cnbc.com/video/2025/06/23/global-capital-flows-in-the-age-of-trump-tariffs-and-trade-wars.html — General discussion on global capital flows, no specific market direction | 🔹 Commerce Sec. Howard Lutnick: China tariff levels are set and won't change from here - https://www.cnbc.com/video/2025/06/11/commerce-sec-howard-lutnick-china-tariff-levels-are-set-and-wont-change-from-here.html — Stable policy announcement, no immediate market impact expected | 📉 UK auto production for May slumps to lowest level since 1949 as Trump tariffs hit hard - https://www.cnbc.com/2025/06/27/trump-tariffs-uk-car-and-vehicle-output-falls-to-76-year-low-in-may.html — Negative impact of tariffs on UK auto production"
2025-07-03,6282.81,6326.75,16.48,0,🔹 Neutral (Confidence: 0.76),bearish,6279.35,0.0,"🔹 Stocks making the biggest moves midday: First Solar, CrowdStrike, Datadog, Robinhood and more - https://www.cnbc.com/2025/07/03/stocks-making-the-biggest-moves-midday-fslr-crwd-ddog-hood.html — Headline lists companies but does not specify direction of movement | 📈 Dow rises 350 points, S&P 500 hits fresh record after a better-than-expected June jobs report: Live... - https://www.cnbc.com/2025/07/02/stock-market-today-live-updates.html — Positive market movement indicated by rising points and record high | 🔹 Global capital flows in the age of Trump, tariffs and trade wars - https://www.cnbc.com/video/2025/06/23/global-capital-flows-in-the-age-of-trump-tariffs-and-trade-wars.html — Discussion of global capital flows but no clear market direction indicated | 🔹 Commerce Sec. Howard Lutnick: China tariff levels are set and won't change from here - https://www.cnbc.com/video/2025/06/11/commerce-sec-howard-lutnick-china-tariff-levels-are-set-and-wont-change-from-here.html — Stable tariff levels suggest no immediate change in market conditions | 📉 UK auto production for May slumps to lowest level since 1949 as Trump tariffs hit hard - https://www.cnbc.com/2025/06/27/trump-tariffs-uk-car-and-vehicle-output-falls-to-76-year-low-in-may.html — Negative impact on UK auto production due to tariffs"
2025-07-04,,6283.75,17.61,6,📈 Bullish (Confidence: 0.78),bearish,6279.35,0.0,"📈 CFRA hikes outlook for S&P 500 as stock market rises to new highs - https://www.cnbc.com/2025/07/03/cfra-hikes-outlook-for-sp-500-as-stock-market-rises-to-new-highs.html — CFRA hikes outlook for S&P 500 as market reaches new highs | 📈 Dow jumps more than 300 points, S&P 500 sets new record after strong June jobs report - https://www.cnbc.com/2025/07/02/stock-market-today-live-updates.html — Dow and S&P 500 rise significantly after positive jobs report | 🔹 ECB's latest rate cycle is ‘done,’ Chief Economist Philip Lane says - https://www.cnbc.com/video/2025/07/01/tightening-cycle-is-done-says-ecbs-lane.html — ECB's rate cycle completion is a neutral event indicating no further rate changes | 🔹 Fed's Bostic: July meeting too early to assess inflationary impact of tariffs - https://www.cnbc.com/video/2025/06/30/feds-bostic-july-meeting-too-early-to-assess-inflationary-impact-of-tariffs.html — Uncertainty about inflationary impact of tariffs, no clear directional sentiment"
2025-07-04,6279.35,6289.0,17.48,6,📈 Bullish (Confidence: 0.78),bearish,6279.35,0.0,"📈 CFRA hikes outlook for S&P 500 as stock market rises to new highs - https://www.cnbc.com/2025/07/03/cfra-hikes-outlook-for-sp-500-as-stock-market-rises-to-new-highs.html — CFRA upgrades S&P 500 outlook as market reaches new highs | 📈 Dow jumps more than 300 points, S&P 500 sets new record after strong June jobs report - https://www.cnbc.com/2025/07/02/stock-market-today-live-updates.html — Dow and S&P 500 rise sharply after positive jobs report | 🔹 ECB's latest rate cycle is ‘done,’ Chief Economist Philip Lane says - https://www.cnbc.com/video/2025/07/01/tightening-cycle-is-done-says-ecbs-lane.html — ECB's rate cycle completion is a neutral event indicating no further rate hikes or cuts | 🔹 Fed's Bostic: July meeting too early to assess inflationary impact of tariffs - https://www.cnbc.com/video/2025/06/30/feds-bostic-july-meeting-too-early-to-assess-inflationary-impact-of-tariffs.html — Fed's Bostic comments are non-committal and show uncertainty about future monetary policy"
2025-07-07,6279.35,6300.75,17.75,-3,📉 Bearish (Confidence: 0.68),bearish,6224.6,1.0,"🔹 Stocks making the biggest premarket moves: Tesla, Geo Group, Molina Healthcare, SolarEdge... - https://www.cnbc.com/2025/07/07/stocks-making-the-biggest-premarket-moves-ttsla-geo-moh-sedg.html — Headline lists stocks moving in premarket without indicating direction of movement | 📉 S&P 500 futures fall slightly as Bessent says several trade announcements are ahead: Live updates - https://www.cnbc.com/2025/07/06/stock-market-today-live-updates.html — S&P 500 futures falling suggests negative market sentiment | 📈 Treasury yields hold steady as Trump extends tariff deadline - https://www.cnbc.com/2025/07/07/us-treasury-yields-trump-extends-tariff-deadline-.html — Extending tariff deadline may reduce immediate economic tensions | 📉 ECB's latest rate cycle is ‘done,’ Chief Economist Philip Lane says - https://www.cnbc.com/video/2025/07/01/tightening-cycle-is-done-says-ecbs-lane.html — End of ECB rate cycle suggests no further stimulative rate cuts, potentially negative for growth expectations | 🔹 Fed's Bostic: July meeting too early to assess inflationary impact of tariffs - https://www.cnbc.com/video/2025/06/30/feds-bostic-july-meeting-too-early-to-assess-inflationary-impact-of-tariffs.html — Uncertainty about inflationary impacts of tariffs indicates a neutral stance"
2025-07-07,6230.43,6268.75,17.91,-9,📉 Bearish (Confidence: 0.83),bearish,6224.6,1.0,"🔹 Stocks making big midday moves: Tesla, Uber, Royal Gold, Stellantis, WNS and more - https://www.cnbc.com/2025/07/07/stocks-making-big-midday-moves-tesla-uber-stellantis-wns-and-more.html — Headline lists stocks moving but does not specify direction of movement | 📉 Weak breadth as S&P 500 makes new high bodes poorly for future returns - https://www.cnbc.com/2025/07/07/weak-breadth-as-sp-500-makes-new-high-bodes-poorly-for-future-returns.html — Indicates negative outlook due to weak market breadth despite new highs | 📉 Dow falls 400 points to session low after Trump announces 25% tariff on Japan, Korea goods: Live... - https://www.cnbc.com/2025/07/06/stock-market-today-live-updates.html — Negative sentiment due to significant market drop following tariff announcement | 📉 Stifel sees a 12% drop for the S&P 500 in the second half of 2025 - https://www.cnbc.com/2025/07/07/stifel-sees-a-12percent-drop-for-the-sp-500-in-the-second-half-of-2025.html — Prediction of a significant market drop | 🔹 ECB's latest rate cycle is ‘done,’ Chief Economist Philip Lane says - https://www.cnbc.com/video/2025/07/01/tightening-cycle-is-done-says-ecbs-lane.html — End of rate cycle indicates neutral market impact | 🔹 Fed's Bostic: July meeting too early to assess inflationary impact of tariffs - https://www.cnbc.com/video/2025/06/30/feds-bostic-july-meeting-too-early-to-assess-inflationary-impact-of-tariffs.html — Uncertainty about inflationary impact suggests a neutral stance"
2025-07-08,6229.98,6283.0,17.01,6,📈 Bullish (Confidence: 0.72),bearish,6226.4,0.0,"🔹 S&P 500 futures are little changed as investors look to recover from Monday's tariffs shock: Live... - https://www.cnbc.com/2025/07/07/stock-market-today-live-updates.html — Futures little changed indicates uncertainty or lack of significant movement. | 📈 Goldman Sachs becomes second Wall Street bank to raise its S&P 500 target this week - https://www.cnbc.com/2025/07/08/goldman-sachs-becomes-second-wall-street-bank-to-raise-its-sp-500-target-this-week.html — Raising S&P 500 target suggests positive outlook on market. | 📈 Bank of America raises year-end S&P 500 target to catch up to 'meteoric run,' sees little gain from... - https://www.cnbc.com/2025/07/08/bank-of-america-raises-year-end-sp-500-target-to-catch-up-to-meteoric-run-sees-little-gain-from-here.html — Raising target but indicating little gain suggests a cautious positive outlook. | 🔹 Stocks making the biggest moves premarket: Sunrun, Datadog, Bank of America and more - https://www.cnbc.com/2025/07/08/stocks-making-the-biggest-moves-premarket-run-ddog-bac.html — List of stocks moving does not indicate overall market direction. | 🔹 ECB's latest rate cycle is ‘done,’ Chief Economist Philip Lane says - https://www.cnbc.com/video/2025/07/01/tightening-cycle-is-done-says-ecbs-lane.html — End of rate cycle indicates a neutral stance on future monetary policy. | 🔹 Fed's Bostic: July meeting too early to assess inflationary impact of tariffs - https://www.cnbc.com/video/2025/06/30/feds-bostic-july-meeting-too-early-to-assess-inflationary-impact-of-tariffs.html — Uncertainty about inflationary impacts suggests a neutral outlook."
2025-07-08,6231.94,6282.75,,-3,📉 Bearish (Confidence: 0.68),bearish,6226.4,1.0,"🔹 Stocks making the biggest moves midday: Hershey, Chemours, Fair Isaac, Sunrun & more - https://www.cnbc.com/2025/07/08/stocks-making-the-biggest-moves-midday-hsy-cc-fico-run.html — Headline lists stocks with significant movements but does not specify direction of the movement | 🔹 Trump keeps saying he wants high tariffs, but market is refusing to listen - https://www.cnbc.com/2025/07/08/trump-keeps-saying-he-wants-high-tariffs-but-market-refuses-to-listen.html — Mentions Trump's desire for high tariffs but indicates the market is not reacting | 📉 S&P 500 struggles for a second day as Trump says no extensions will be granted to Aug. 1 trade... - https://www.cnbc.com/2025/07/07/stock-market-today-live-updates.html — S&P 500 struggling suggests negative market sentiment | 📈 Inflation expectations drift back down to pre-tariff levels, New York Fed survey shows - https://www.cnbc.com/2025/07/08/inflation-expectations-drift-back-down-to-pre-tariff-levels-new-york-fed-survey-shows.html — Inflation expectations returning to pre-tariff levels might be seen as stabilizing and positive | 📉 ECB's latest rate cycle is ‘done,’ Chief Economist Philip Lane says - https://www.cnbc.com/video/2025/07/01/tightening-cycle-is-done-says-ecbs-lane.html — End of ECB's rate cycle could suggest no more stimulative rate cuts, potentially bearish | 🔹 Fed's Bostic: July meeting too early to assess inflationary impact of tariffs - https://www.cnbc.com/video/2025/06/30/feds-bostic-july-meeting-too-early-to-assess-inflationary-impact-of-tariffs.html — Uncertainty about the impact of tariffs on inflation suggests a neutral stance as the situation is still being assessed"
2025-07-09,6225.52,6266.25,16.81,9,📈 Bullish (Confidence: 0.7),bullish,6245.0,1.0,"🔹 Stock futures are little changed as investors monitor Trump tariff developments: Live updates - https://www.cnbc.com/2025/07/08/stock-market-today-live-updates.html — Investors are monitoring developments without clear direction | 📈 Amazon's Prime Day plus Q2 earnings season put consumers in the spotlight - https://www.cnbc.com/2025/07/08/amazons-prime-day-plus-earnings-season-put-consumers-in-the-spotlight.html — Prime Day and earnings season could boost consumer focus and spending | 🔹 Trump keeps saying he wants high tariffs, but market is refusing to listen - https://www.cnbc.com/2025/07/08/trump-keeps-saying-he-wants-high-tariffs-but-market-refuses-to-listen.html — Market is not reacting to tariff threats, indicating uncertainty | 📈 Inflation expectations drift back down to pre-tariff levels, New York Fed survey shows - https://www.cnbc.com/2025/07/08/inflation-expectations-drift-back-down-to-pre-tariff-levels-new-york-fed-survey-shows.html — Inflation expectations returning to normal could stabilize market sentiment | 📉 ECB's latest rate cycle is ‘done,’ Chief Economist Philip Lane says - https://www.cnbc.com/video/2025/07/01/tightening-cycle-is-done-says-ecbs-lane.html — End of rate tightening cycle might suggest limited future economic stimulus | 🔹 Fed's Bostic: July meeting too early to assess inflationary impact of tariffs - https://www.cnbc.com/video/2025/06/30/feds-bostic-july-meeting-too-early-to-assess-inflationary-impact-of-tariffs.html — Uncertainty about the inflationary impact of tariffs, indicating a wait-and-see approach | 📈 Oil prices are climbing because a new battle for global market share is brewing - https://www.marketwatch.com/story/oil-prices-are-climbing-because-a-new-battle-for-global-market-share-is-brewing-f54e39ba — Rising oil prices suggest higher energy sector profitability | 📈 How junk bonds are signaling the same optimism about the U.S. economy as stocks - https://www.marketwatch.com/story/how-junk-bonds-are-signaling-the-same-optimism-about-the-u-s-economy-as-stocks-46c56cc5 — Junk bonds showing optimism could indicate positive market sentiment | 🔹 More tariff letters look set to hit. A Trump official says they’ll include a ‘general’ notice. - https://www.marketwatch.com/story/more-tariff-letters-look-set-to-hit-a-trump-official-says-theyll-include-a-general-notice-9f9d1849 — Announcement of more tariffs introduces uncertainty"
2025-07-09,,6286.5,,-3,📉 Bearish (Confidence: 0.64),bearish,6245.0,1.0,"🔹 Stocks making the biggest moves premarket: Starbucks, AES, Verona Pharma, UnitedHealth & more - https://www.cnbc.com/2025/07/09/stocks-making-the-biggest-moves-premarket-sbux-aes-vrna-unh.html — Listing of stocks moving does not indicate direction of market or sentiment | 📈 Stock futures rise as investors monitor Trump tariff developments: Live updates - https://www.cnbc.com/2025/07/08/stock-market-today-live-updates.html — Stock futures rising suggests positive market sentiment | 🔹 ECB's latest rate cycle is ‘done,’ Chief Economist Philip Lane says - https://www.cnbc.com/video/2025/07/01/tightening-cycle-is-done-says-ecbs-lane.html — End of ECB rate cycle indicates a neutral stance on future economic policy changes | 🔹 Fed's Bostic: July meeting too early to assess inflationary impact of tariffs - https://www.cnbc.com/video/2025/06/30/feds-bostic-july-meeting-too-early-to-assess-inflationary-impact-of-tariffs.html — Uncertainty about inflationary impacts from tariffs indicates a neutral market impact | 📉 This early-warning indicator is telling the stock market that a recession is more likely - https://www.marketwatch.com/story/this-early-warning-indicator-is-telling-the-stock-market-that-a-recession-is-more-likely-825f2b87 — Early-warning indicator suggesting a recession implies negative market sentiment | 📉 Why interest-rate cuts won’t be the fuel the stock market needs to rocket higher - https://www.marketwatch.com/story/why-interest-rate-cuts-wont-be-the-fuel-the-stock-market-needs-to-rocket-higher-622dca61 — Skepticism about the effectiveness of interest rate cuts to boost the market suggests bearish sentiment | 🔹 What will it take for the Fed to cut rates in September? Look here for clues. - https://www.marketwatch.com/story/what-will-it-take-for-the-fed-to-cut-rates-in-september-look-here-for-clues-77dd2770 — Speculation on conditions for rate cuts indicates uncertainty and a neutral sentiment"
2025-07-09,6242.44,,,-3,📉 Bearish (Confidence: 0.78),bullish,6245.0,0.0,"🔹 Stocks making the biggest moves midday: AES, Nvidia, Bloom Energy, Verona Pharma and more - https://www.cnbc.com/2025/07/09/stocks-making-the-biggest-moves-midday-aes-nvda-be-vrna.html — Headline lists stocks moving but does not specify direction of movement | 📉 Trump's next Fed chair pick already comes with a credibility problem - https://www.cnbc.com/2025/07/09/trumps-next-fed-chair-pick-already-comes-with-a-credibility-problem.html — Credibility problem suggests negative sentiment | 📈 S&P 500 rebounds after 2 days of losses, Nvidia leads gain as it reaches $4 trillion market value:... - https://www.cnbc.com/2025/07/08/stock-market-today-live-updates.html — Nvidia leading gains and reaching a significant market value implies positive market sentiment | 🔹 Even international markets directly affected are starting to ignore Trump's tough trade threats - https://www.cnbc.com/2025/07/09/even-international-markets-directly-affected-are-ignoring-trumps-threats.html — Ignoring threats may suggest resilience but lacks clear market direction | 📉 ECB's latest rate cycle is ‘done,’ Chief Economist Philip Lane says - https://www.cnbc.com/video/2025/07/01/tightening-cycle-is-done-says-ecbs-lane.html — End of rate tightening cycle could imply no further bullish support from rate cuts | 🔹 Fed's Bostic: July meeting too early to assess inflationary impact of tariffs - https://www.cnbc.com/video/2025/06/30/feds-bostic-july-meeting-too-early-to-assess-inflationary-impact-of-tariffs.html — Uncertainty about inflationary impacts suggests a neutral stance | 📈 Big Tech rallies — plus, where we stand on Starbucks after China stake offers - https://www.cnbc.com/2025/07/09/big-tech-rallies-plus-where-we-stand-on-starbucks-after-china-stake-offers.html — Rally in big tech indicates positive sentiment | 📉 This early-warning indicator is telling the stock market that a recession is more likely - https://www.marketwatch.com/story/this-early-warning-indicator-is-telling-the-stock-market-that-a-recession-is-more-likely-825f2b87 — Early-warning indicator of a recession suggests negative market outlook"
2025-07-10,6263.26,6301.5,15.98,3,📈 Bullish (Confidence: 0.69),bullish,6281.25,1.0,"🔹 Stocks making the biggest moves premarket: Delta Air Lines, WK Kellogg, PTC, AMD and more - https://www.cnbc.com/2025/07/10/stocks-making-the-biggest-moves-premarket-dal-klg-ptc-amd-and-more.html — Headline lists stocks moving but does not specify direction of movement | 📈 Treasury yields are steady on more signs of solid economy - https://www.cnbc.com/2025/07/10/us-treasury-yields-trumps-trade-war-intensifies-.html — Steady treasury yields on signs of a solid economy suggest positive sentiment | 🔹 Stock futures are little changed after Nasdaq notches new record: Live updates - https://www.cnbc.com/2025/07/09/stock-market-today-live-updates.html — Stock futures little changed indicates neutral market movement | 📉 ECB's latest rate cycle is ‘done,’ Chief Economist Philip Lane says - https://www.cnbc.com/video/2025/07/01/tightening-cycle-is-done-says-ecbs-lane.html — End of ECB rate cycle suggests no further rate cuts, potentially bearish | 🔹 Fed's Bostic: July meeting too early to assess inflationary impact of tariffs - https://www.cnbc.com/video/2025/06/30/feds-bostic-july-meeting-too-early-to-assess-inflationary-impact-of-tariffs.html — Uncertainty about inflationary impacts of tariffs indicates a neutral stance | 📈 Jobless claims fall to nearly 2-month low. No sign layoffs have risen due to trade wars. - https://www.marketwatch.com/story/jobless-claims-fall-to-nearly-2-month-low-no-sign-layoffs-have-risen-due-to-trade-wars-dae4042b — Fall in jobless claims and no increase in layoffs suggest a strong job market | 📈 Airline stocks soar, lifted by Delta’s earnings beat and restored full-year guidance - https://www.marketwatch.com/story/delta-stock-soars-lifted-by-better-than-expected-earnings-and-restored-full-year-guidance-6ca4514f — Airline stocks rising due to positive earnings report indicates bullish sentiment | 📉 Bitcoin hits record high. Why the crypto’s rally may lose steam after briefly topping $112,000. - https://www.marketwatch.com/story/bitcoin-hits-record-high-why-the-cryptos-rally-may-lose-steam-after-briefly-topping-112-000-00941186 — Concerns that Bitcoin's rally may lose steam suggest bearish sentiment"
2025-07-10,6277.05,6321.5,15.83,3,📈 Bullish (Confidence: 0.75),bullish,6281.25,1.0,"🔹 Stocks making the biggest moves midday: MP Materials, Delta Air Lines, WK Kellogg, Hertz & more - https://www.cnbc.com/2025/07/10/stocks-making-the-biggest-moves-midday-mp-dal-klg-htz.html — Headline lists stock movements without clear direction | 📈 Dow gains 200 points as traders shake off tariff developments: Live updates - https://www.cnbc.com/2025/07/09/stock-market-today-live-updates.html — Dow gains indicate positive market sentiment | 📈 The most bullish S&P 500 forecast out there on Wall Street: 7,000 by year-end - https://www.cnbc.com/2025/07/10/the-most-bullish-sp-500-forecast-on-wall-street-7000-by-year-end.html — Forecast of S&P 500 reaching 7,000 is highly optimistic | 📉 Trump's latest tariff shock just hit one of the best-performing stock markets in the world - https://www.cnbc.com/2025/07/10/trump-tariff-shock-hits-one-of-worlds-best-performing-stock-markets.html — Tariff shock negatively impacts a top-performing market | 🔹 ECB's latest rate cycle is ‘done,’ Chief Economist Philip Lane says - https://www.cnbc.com/video/2025/07/01/tightening-cycle-is-done-says-ecbs-lane.html — End of rate cycle indicates a neutral stance on future economic policy | 🔹 Fed's Bostic: July meeting too early to assess inflationary impact of tariffs - https://www.cnbc.com/video/2025/06/30/feds-bostic-july-meeting-too-early-to-assess-inflationary-impact-of-tariffs.html — Uncertainty about inflationary impacts of tariffs suggests a wait-and-see approach | 📉 Coffee prices rise on Trump tariff threat — plus, the winners in Thursday's market rotation - https://www.cnbc.com/2025/07/10/coffee-prices-rise-on-trump-tariff-threat-plus-market-rotation-winners.html — Rising coffee prices due to tariffs could indicate negative economic pressures | 📈 Can the S&P 500 hit 7,000 by year-end? One veteran Wall Street strategist says yes. - https://www.marketwatch.com/story/can-the-s-p-500-hit-7-000-by-year-end-one-veteran-wall-street-strategist-says-yes-bf3f8efa — Optimistic view from a veteran strategist about S&P 500 hitting 7,000 | 📉 Consumers are still struggling, as inflation is a problem again, this food company says - https://www.marketwatch.com/story/consumers-are-still-struggling-as-inflation-is-a-problem-again-this-food-company-says-d4b50905 — Concerns about consumer struggle and inflation suggest negative sentiment | 📈 Jobless claims fall to nearly 2-month low. No sign layoffs have risen due to trade wars. - https://www.marketwatch.com/story/jobless-claims-fall-to-nearly-2-month-low-no-sign-layoffs-have-risen-due-to-trade-wars-dae4042b — Decrease in jobless claims suggests a strong job market"
2025-07-11,,,,-6,📉 Bearish (Confidence: 0.8),bearish,6266.02,1.0,"🔹 Fed's Bostic: July meeting too early to assess inflationary impact of tariffs - https://www.cnbc.com/video/2025/06/30/feds-bostic-july-meeting-too-early-to-assess-inflationary-impact-of-tariffs.html — Fed unsure about inflationary impact of tariffs | 📉 ECB's latest rate cycle is ‘done,’ Chief Economist Philip Lane says - https://www.cnbc.com/video/2025/07/01/tightening-cycle-is-done-says-ecbs-lane.html — Stock futures fall after new tariffs announced | 📉 Josh Brown says you don't want this bull market to need rate cuts, Amazon could be undervalued - https://www.cnbc.com/2025/07/10/josh-brown-says-you-dont-want-this-bull-market-to-need-rate-cuts-amazon-could-be-undervalued.html — Negative market reaction to new tariffs"
2025-07-11,,,,-9,📉 Bearish (Confidence: 0.66),bearish,6266.02,1.0,"📉 Dow futures drop 200 points, S&P set to retreat from record as Trump escalates trade battles: Live... - https://www.cnbc.com/2025/07/10/stock-market-today-live-updates.html — Dow futures dropping and S&P set to retreat due to trade tensions | 📉 ECB's latest rate cycle is ‘done,’ Chief Economist Philip Lane says - https://www.cnbc.com/video/2025/07/01/tightening-cycle-is-done-says-ecbs-lane.html — ECB's Chief Economist signaling end of rate cycle | 🔹 Stocks making the biggest moves premarket: Coinbase, Levi Strauss, AMC and more - https://www.cnbc.com/2025/07/11/stocks-making-the-biggest-moves-premarket-coin-levi-amc.html — Mixed movements in premarket stocks | 🔹 Fed's Bostic: July meeting too early to assess inflationary impact of tariffs - https://www.cnbc.com/video/2025/06/30/feds-bostic-july-meeting-too-early-to-assess-inflationary-impact-of-tariffs.html — Uncertainty regarding inflationary impact of tariffs | 📉 Treasury yields rise as Trump slaps 35% tariffs on Canada - https://www.cnbc.com/2025/07/11/us-treasury-yields-trump-slaps-35percent-tariffs-on-canada-.html — Treasury yields rising due to new tariffs on Canada"
2025-07-11,6261.81,6303.0,16.27,-9,📉 Bearish (Confidence: 0.7),bullish,6266.02,0.0,"📉 Fed's Bostic: July meeting too early to assess inflationary impact of tariffs - https://www.cnbc.com/video/2025/06/30/feds-bostic-july-meeting-too-early-to-assess-inflationary-impact-of-tariffs.html — Trade tensions escalating and market dropping | 📉 Dow drops 300 points, S&P retreats from record as Trump escalates trade battles: Live updates - https://www.cnbc.com/2025/07/10/stock-market-today-live-updates.html — Criticism of Fed and potential investigation causing uncertainty | 🔹 Trump budget chief Vought ramps up criticism of Powell, vows investigation into Fed renovations - https://www.cnbc.com/2025/07/11/trump-budget-chief-vought-ramps-up-criticism-of-powell-vows-investigation-into-fed-renovations.html — Mixed moves in the stock market | 📉 Stocks making the biggest moves midday: Penn Entertainment, Robinhood, Levi Strauss & more - https://www.cnbc.com/2025/07/11/stocks-making-the-biggest-moves-midday-penn-hood-levi.html — Tariff chaos impacting S&P and trader uncertainty | 🔹 Tariff chaos spoils new S&P record as traders brace for Trump's EU letter - https://www.cnbc.com/2025/07/11/tariff-chaos-spoils-new-sp-record-as-traders-brace-for-trumps-eu-letter.html — ECB's rate cycle status not directly impacting US markets"
2025-07-14,,,17.35,-6,📉 Bearish (Confidence: 0.68),bearish,6267.2,1.0,"📉 ECB's latest rate cycle is ‘done,’ Chief Economist Philip Lane says - https://www.cnbc.com/video/2025/07/01/tightening-cycle-is-done-says-ecbs-lane.html — ECB's rate cycle 'done' | 📉 JPMorgan says market continues to believe Trump will pivot to lower tariff rates before Aug. 1 - https://www.cnbc.com/2025/07/14/jpmorgan-says-market-thinks-trump-will-pivot-to-lower-tariffs-by-aug-1.html — Trump threatens 30% tariffs on EU, Mexico | 🔹 Treasury yields hold steady as Trump threatens 30% tariffs on EU, Mexico - https://www.cnbc.com/2025/07/14/us-treasury-yields-trump-threatens-30percent-tariffs-on-eu-mexico-.html — Market sentiment on Trump's tariff pivot uncertain | 🔹 Stocks making the biggest moves premarket: Kenvue, Rivian, Affirm, SolarEdge Technologies and more - https://www.cnbc.com/2025/07/14/stocks-making-biggest-moves-premarket-kvue-rivn-afrm-sedg-and-more.html — Premarket stock moves not indicating clear direction"
2025-07-14,6261.51,6300.5,17.19,-3,📉 Bearish (Confidence: 0.62),bullish,6267.2,0.0,"📉 Stocks are little changed as investors bet Trump’s tariffs will be lowered: Live updates - https://www.cnbc.com/2025/07/13/stock-market-today-live-updates.html — Investors betting on lower tariffs may indicate uncertainty | 📈 RBC hikes year-end S&P 500 target as investors look to 2026 for gains - https://www.cnbc.com/2025/07/14/rbc-hikes-year-end-sp-500-target-as-investors-look-to-2026-for-gains.html — RBC's positive outlook on S&P 500 | 🔹 Fed Chair Powell asks inspector general to review controversial building project - https://www.cnbc.com/2025/07/14/fed-chair-powell-asks-inspector-general-to-review-controversial-building-project.html — Neutral news about Fed Chair Powell's request for review | 📉 ECB's latest rate cycle is ‘done,’ Chief Economist Philip Lane says - https://www.cnbc.com/video/2025/07/01/tightening-cycle-is-done-says-ecbs-lane.html — ECB's statement on rate cycle being 'done' may signal caution | 🔹 Stocks making the biggest moves midday: Autodesk, PayPal, Rivian, Nebius, Waters and more - https://www.cnbc.com/2025/07/14/stocks-making-the-biggest-moves-midday-adsk-pypl-rivn-nbis-wat.html — Neutral news on stock movements midday"
2025-07-15,,,,0,🔹 Neutral (Confidence: 0.62),nan,6267.2,0.0,"🔹 Stock futures are little changed as investors await bank earnings, inflation reading: Live updates - https://www.cnbc.com/2025/07/14/stock-market-today-live-updates.html — Stock futures little changed, awaiting earnings and inflation data | 📉 Powell asks inspector general to review $2.5 billion renovation after Trump blasts Fed project - https://www.cnbc.com/2025/07/14/fed-chair-powell-asks-inspector-general-to-review-controversial-building-project.html — Powell's controversial building project under review after Trump's criticism | 📈 RBC hikes year-end S&P 500 target as investors look to 2026 for gains - https://www.cnbc.com/2025/07/14/rbc-hikes-year-end-sp-500-target-as-investors-look-to-2026-for-gains.html — RBC raises S&P 500 target for year-end, positive outlook for 2026 | 🔹 ECB's latest rate cycle is ‘done,’ Chief Economist Philip Lane says - https://www.cnbc.com/video/2025/07/01/tightening-cycle-is-done-says-ecbs-lane.html — ECB's Chief Economist suggests rate cycle is complete | 🔹 Inflation report Tuesday should provide clues on the impact tariffs are having on prices - https://www.cnbc.com/2025/07/14/inflation-report-tuesday-should-give-clues-on-price-effect-from-tariffs.html — Inflation report expected to provide insights on tariff impact on prices"
2025-07-15,,6338.0,16.75,3,📈 Bullish (Confidence: 0.7),nan,6256.99,0.0,"📈 S&P 500 rises, led by Nvidia, after in-line U.S. inflation report: Live updates - https://www.cnbc.com/2025/07/15/stock-market-today-live-updates.html — S&P 500 rises, led by Nvidia | 📈 Stocks making the biggest moves premarket: Nvidia, Trade Desk, BlackRock, Wells Fargo and more - https://www.cnbc.com/2025/07/15/stocks-making-the-biggest-moves-premarket-nvda-ttd-blk-wfc.html — Stocks making big moves premarket | 📉 Inflation picks up again in June, rising at 2.7% annual rate - https://www.cnbc.com/2025/07/15/cpi-inflation-report-june-2025.html — Inflation picks up again in June | 🔹 ECB's latest rate cycle is ‘done,’ Chief Economist Philip Lane says - https://www.cnbc.com/video/2025/07/01/tightening-cycle-is-done-says-ecbs-lane.html — ECB's rate cycle is 'done' | 🔹 June’s inflation data leaves little for investors to be happy about - https://www.cnbc.com/2025/07/15/junes-inflation-data-leaves-little-for-investors-to-be-happy-about.html — June's inflation data impact on investors"
2025-07-15,6263.62,6301.0,16.87,-6,📉 Bearish (Confidence: 0.62),nan,6256.99,1.0,"📉 Dow falls 300 points on earnings, inflation concerns; Nvidia boosts Nasdaq: Live updates - https://www.cnbc.com/2025/07/15/stock-market-today-live-updates.html — Dow falls 300 points on earnings, inflation concerns | 📉 June’s inflation data leaves little for investors to be happy about - https://www.cnbc.com/2025/07/15/junes-inflation-data-leaves-little-for-investors-to-be-happy-about.html — June’s inflation data concerns investors | 🔹 Stocks making the biggest moves midday: First Solar, Newmont, Wells Fargo, Nvidia & more - https://www.cnbc.com/2025/07/15/stocks-making-the-biggest-moves-midday-fslr-nem-wfc-nvda.html — Mixed moves in stocks midday | 🔹 ECB's latest rate cycle is ‘done,’ Chief Economist Philip Lane says - https://www.cnbc.com/video/2025/07/01/tightening-cycle-is-done-says-ecbs-lane.html — ECB's rate cycle outlook neutral"
2025-07-16,,6296.5,16.7,3,📈 Bullish (Confidence: 0.7),bearish,6234.12,1.0,"📉 Things may be getting frothy on Wall Street as stocks trade near record highs - https://www.cnbc.com/2025/07/16/things-may-be-getting-frothy-on-wall-street-with-stocks-near-record-highs.html — Stocks near record highs may indicate overvaluation | 🔹 Stocks making the biggest moves premarket: Goldman Sachs, ASML, Diageo, Johnson & Johnson and more - https://www.cnbc.com/2025/07/16/stocks-making-the-biggest-moves-premarket-gs-asml-deo-jnj-more.html — Mixed movements in premarket stocks | 📈 Treasury yields slide after cooler-than-expected wholesale inflation report - https://www.cnbc.com/2025/07/16/us-treasury-yields-investors-await-further-inflation-data-.html — Lower Treasury yields after cooler inflation report may indicate market expectations of lower inflation | 🔹 Stocks making the biggest moves after hours: Global Payments, Hancock Whitney and more - https://www.cnbc.com/2025/07/15/stocks-making-the-biggest-moves-after-hours-gpn-hwc-omc-jbht.html — Mixed movements in stocks after hours | 📈 ECB's latest rate cycle is ‘done,’ Chief Economist Philip Lane says - https://www.cnbc.com/video/2025/07/01/tightening-cycle-is-done-says-ecbs-lane.html — ECB's Chief Economist indicating end of rate cycle"
2025-07-16,6248.17,6284.25,17.83,-6,📉 Bearish (Confidence: 0.62),bullish,6267.11,0.0,"📉 ECB's latest rate cycle is ‘done,’ Chief Economist Philip Lane says - https://www.cnbc.com/video/2025/07/01/tightening-cycle-is-done-says-ecbs-lane.html — ECB rate cycle 'done' | 📉 Things may be getting frothy on Wall Street as stocks trade near record highs - https://www.cnbc.com/2025/07/16/things-may-be-getting-frothy-on-wall-street-with-stocks-near-record-highs.html — Stocks frothy near record highs | 🔹 Stocks making the biggest moves midday: Morgan Stanley, ASML, Johnson & Johnson, SolarEdge and more - https://www.cnbc.com/2025/07/16/stocks-making-the-biggest-moves-midday-ms-asml-jnj-sedg.html — Mixed moves in stocks midday | 🔹 S&P 500 slides as Trump denies he is close to firing Fed Chair Powell: Live updates - https://www.cnbc.com/2025/07/15/stock-market-today-live-update.html — Uncertainty around Fed Chair Powell"
2025-07-17,6263.7,6309.0,17.19,3,📈 Bullish (Confidence: 0.75),bullish,6291.63,1.0,"📉 How Trump firing Powell could backfire and lift interest rates - https://www.cnbc.com/2025/07/17/how-trump-firing-powell-could-backfire-and-lift-interest-rates.html — Firing Powell could create uncertainty and lead to higher interest rates | 🔹 ECB's latest rate cycle is ‘done,’ Chief Economist Philip Lane says - https://www.cnbc.com/video/2025/07/01/tightening-cycle-is-done-says-ecbs-lane.html — ECB's rate cycle being 'done' indicates a neutral stance | 📈 Stock futures gain Thursday, fueled by strong economic data and earnings: Live updates - https://www.cnbc.com/2025/07/16/stock-market-today-live-updates.html — Stock futures gaining on strong economic data and earnings | 📈 Stocks making the biggest premarket moves: PepsiCo, Starbucks, General Electric, Cars.com and more - https://www.cnbc.com/2025/07/17/stocks-making-the-biggest-premarket-moves.html — Positive premarket moves by key stocks like PepsiCo and Starbucks"
2025-07-17,6289.58,6328.75,16.81,-3,📉 Bearish (Confidence: 0.75),bullish,6291.63,0.0,"📉 ECB's latest rate cycle is ‘done,’ Chief Economist Philip Lane says - https://www.cnbc.com/video/2025/07/01/tightening-cycle-is-done-says-ecbs-lane.html — ECB signaling end of rate cycle | 📈 Stocks rise after latest raft of economic data and earnings: Live updates - https://www.cnbc.com/2025/07/16/stock-market-today-live-updates.html — Stocks rising on positive economic data and earnings | 📉 'Bond vigilantes' are taking aim at Japan market ahead of critical election - https://www.cnbc.com/2025/07/17/bond-vigilantes-take-aim-at-japan-market-ahead-of-critical-election.html — Bond vigilantes targeting Japan market | 🔹 Stocks making the biggest moves midday: Lucid Group, Elevance Health, Albemarle, PepsiCo & more - https://www.cnbc.com/2025/07/17/stocks-making-the-biggest-moves-midday-lcid-elv-alb-pep-more.html — No clear direction indicated in stocks making moves midday"
2025-07-18,6297.36,6346.75,16.35,0,🔹 Neutral (Confidence: 0.6),bearish,6296.79,0.0,"📈 Stocks making the biggest moves premarket: Netflix, American Express, Chevron, Sarepta Therapeutics... - https://www.cnbc.com/2025/07/18/stocks-making-the-biggest-moves-premarket-nflx-axp-cvx-srpt.html — S&P 500 hitting record highs and Wall Street heading for a winning week | 🔹 S&P 500 futures are little changed after benchmark hits record, Wall Street heads for winning week:... - https://www.cnbc.com/2025/07/17/stock-market-today-live-updates.html — Treasury yields inching lower, awaiting economic data | 📉 Treasury yields inch lower as investors await more economic data - https://www.cnbc.com/2025/07/18/us-treasury-yields-investors-await-further-economic-data-.html — Trump's tighter federal permitting for solar and wind impacting renewable industry"
2025-07-18,,6330.25,16.65,0,🔹 Neutral (Confidence: 0.78),bearish,6296.79,0.0,"📉 Stocks making the biggest moves midday: Talen Energy, Invesco, Netflix, Coinbase and more - https://www.cnbc.com/2025/07/18/stocks-making-the-biggest-moves-midday-tln-ivz-nflx-coin.html — Dow falls 200 points on tariff news | 📈 Companies could 'take advantage' and raise prices as tariff story plays out, UBS economist says - https://www.cnbc.com/2025/07/18/companies-could-take-advantage-and-raise-prices-as-tariff-story-plays-out-ubs-economist-says.html — Companies may raise prices amidst tariff story | 📈 Ether and trading stocks take the crypto spotlight as Congress passes historic stablecoin bill - https://www.cnbc.com/2025/07/18/crypto-market-today.html — Crypto spotlight on Ether and trading stocks | 📉 Dow falls 200 points after report says Trump pushing for at least a 15% tariff on EU imports: Live... - https://www.cnbc.com/2025/07/17/stock-market-today-live-updates.html — Trump pushing for tariffs on EU imports"
2025-07-21,6309.38,,,0,🔹 Neutral (Confidence: 0.6),nan,,,"📈 Stocks making the biggest moves premarket: Block, Pinterest, Verizon and more - https://www.cnbc.com/2025/07/21/stocks-making-the-biggest-moves-premarket-xyz-pins-vz.html — Stocks making big moves premarket | 📉 This crypto treasury firm is vying to be the MicroStrategy of ether–but with a focus on generating... - https://www.cnbc.com/2025/07/21/this-crypto-treasury-firm-wants-to-the-microstrategy-of-ether-and-generate-yield.html — Call for review of Federal Reserve | 🔹 Treasury Secretary Bessent calls for a review of 'the entire' Federal Reserve - https://www.cnbc.com/2025/07/21/treasury-secretary-bessent-calls-for-a-review-of-the-entire-federal-reserve.html — Traders await big tech earnings and trade developments"
2025-07-21,6333.42,6367.5,16.36,9,📈 Bullish (Confidence: 0.73),nan,,,"📈 This chart shows how stocks are now ignoring Trump's tariff threats - https://www.cnbc.com/2025/07/21/this-chart-shows-how-stocks-are-now-ignoring-trumps-tariff-threats.html — S&P 500 and Nasdaq hitting record highs | 📈 Stocks making the biggest moves midday: Block, SolarEdge, Cleveland-Cliffs, Verizon & more - https://www.cnbc.com/2025/07/21/stocks-making-the-biggest-moves-midday-xyz-sedg-clf-vz.html — Stocks making big moves midday | 📈 S&P 500 and Nasdaq hit record highs to start the week thanks to gains in tech: Live updates - https://www.cnbc.com/2025/07/20/stock-market-today-live-updates.html — Stocks making big moves premarket"
2025-07-22,,,,0,🔹 Neutral (Confidence: 0.65),nan,,,"🔹 Stocks making the biggest moves premarket: Opendoor Technologies, General Motors, Lockheed Martin... - https://www.cnbc.com/2025/07/22/stocks-making-big-moves-premarket-opendoor-gm-lockheed-martin-and-more.html — Stocks little changed, traders analyzing earnings | 🔹 Stocks are little changed as traders pore over earnings, latest on trade deals: Live updates - https://www.cnbc.com/2025/07/21/stock-market-today-live-updates.html — Premarket moves not indicating clear direction"
2025-07-22,,,,-3,📉 Bearish (Confidence: 0.6),nan,,,"📉 S&P 500, Nasdaq retreat from records as chip stocks decline: Live updates - https://www.cnbc.com/2025/07/21/stock-market-today-live-updates.html — S&P 500 and Nasdaq retreat from records | 🔹 Stocks making the biggest moves midday: Kohl's, General Motors, Lockheed Martin, Medpace and more - https://www.cnbc.com/2025/07/22/stocks-making-the-biggest-moves-midday-kss-gm-lmt-medp.html — Stocks making moves midday"
2025-07-23,,,,9,📈 Bullish (Confidence: 0.8),nan,,,"📈 Dow pops more than 200 points after Trump announces Japan trade deal: Live updates - https://www.cnbc.com/2025/07/22/stock-market-today-live-updates.html — Positive market reaction to Trump's Japan trade deal announcement | 📈 Stocks making the biggest moves premarket: Hasbro, Texas Instruments, Hilton, AT&T and more - https://www.cnbc.com/2025/07/23/stocks-making-the-biggest-moves-premarket-has-txn-hlt-t.html — Positive premarket moves of key stocks | 📈 Stocks will keep ripping to record highs as retail traders continue buying spree, Citadel says - https://www.cnbc.com/2025/07/23/stocks-will-keep-ripping-to-record-highs-citadel-says.html — Forecast of stocks continuing to rise to record highs by Citadel"
2025-07-23,6338.93,,,6,📈 Bullish (Confidence: 0.75),nan,,,"📈 Stocks will keep ripping to record highs as retail traders continue buying spree, Citadel says - https://www.cnbc.com/2025/07/23/stocks-will-keep-ripping-to-record-highs-citadel-says.html — Retail traders buying spree | 📈 Stocks making the biggest moves midday: GE Vernova, Texas Instruments, Krispy Kreme and more - https://www.cnbc.com/2025/07/23/stocks-making-the-biggest-moves-midday-gev-txn-dnut-and-more.html — Positive moves in stocks mentioned | 📈 Dow jumps 400 points, S&P 500 hits another record as Trump hatches trades deals before deadline:... - https://www.cnbc.com/2025/07/22/stock-market-today-live-updates.html — Record highs and positive trade deals | 📉 Investors are expecting way too many rate cuts from the Federal Reserve, history shows - https://www.cnbc.com/2025/07/23/investors-are-expecting-way-too-many-rate-cuts-from-the-federal-reserve-history-shows.html — Historical data suggests fewer rate cuts"
2025-07-24,,,,9,📈 Bullish (Confidence: 0.76),nan,,,"📈 Treasury yields tick higher after more signs of solid labor market - https://www.cnbc.com/2025/07/24/10-year-treasury-yield-trump-fed-visit-powell-independence-federal-reserve-bond-market.html — Treasury yields tick higher indicating positive sentiment in the labor market | 📈 Stocks making the biggest moves premarket: Chipotle, Tesla, ServiceNow, Las Vegas Sands and more - https://www.cnbc.com/2025/07/24/stocks-making-the-biggest-moves-premarket-cmg-tsla-now-lvs-and-more.html — Nasdaq, S&P 500 hit fresh records after strong Alphabet earnings | 📈 Unicredit's Orcel: The team in Italy is generating in one quarter the same net profit that BPM generates in a... - https://www.cnbc.com/video/2025/07/23/unicredits-orcel-the-team-in-italy-is-generating-in-one-quarter-the-same-net-profit-that-bpm-generates-in-a-year.html — Stocks making big moves premarket, including Chipotle, Tesla, and more | 🔹 Nasdaq, S&P 500 hit fresh records after strong Alphabet earnings: Live updates - https://www.cnbc.com/2025/07/23/stock-market-today-live-updates.html — Unicredit's Orcel comparison may not directly impact broader market sentiment"
2025-07-24,,,,0,🔹 Neutral (Confidence: 0.5),nan,,,
2025-07-25,,,,6,📈 Bullish (Confidence: 0.58),nan,,,"🔹 China is enabling the fight to continue in Ukraine: U.S. ambassador to NATO - https://www.cnbc.com/video/2025/07/25/china-are-enabling-the-fight-to-continue-in-ukraine-u-s-ambassador-to-nato.html — Geopolitical tensions may impact markets | 📈 This was a good time to raise guidance, Natwest chief financial officer says - https://www.cnbc.com/video/2025/07/25/this-was-a-good-time-to-raise-guidance-natwest-chief-financial-officer-says.html — Positive outlook on company guidance | 📈 India expects 'preferential' tariffs in a trade deal with U.S., says India's commerce minister - https://www.cnbc.com/2025/07/25/india-expects-preferential-tariffs-in-trade-deal-with-us-says-indias-commerce-minister-piyush-goyal.html — Expectation of favorable trade deal terms | 🔹 10-year Treasury yield flat as investors assess U.S. economy, trade developments - https://www.cnbc.com/2025/07/25/10-year-treasury-yield-us-economy-latest-trade-developments.html — Mixed sentiment as investors assess economic factors | 🔹 Stocks making the biggest moves premarket: Intel, Centene, Deckers, Paramount and more - https://www.cnbc.com/2025/07/25/stocks-making-big-moves-premarket-intel-centene-paramount-and-more.html — Premarket movements indicate uncertainty | 🔹 Stocks are little changed as traders gear up for next round of earnings: Live updates - https://www.cnbc.com/2025/07/24/stock-market-today-live-updates.html — Traders cautious ahead of earnings reports"
2025-07-25,6388.13,6422.0,15.02,15,📈 Bullish (Confidence: 0.73),nan,,,"📉 China enabling war to continue in Ukraine: U.S. ambassador to NATO - https://www.cnbc.com/video/2025/07/25/china-are-enabling-the-fight-to-continue-in-ukraine-u-s-ambassador-to-nato.html — Geopolitical tensions impacting markets | 📈 Inflation ahead? Companies will only absorb higher tariff costs for so long - https://www.cnbc.com/2025/07/25/inflation-ahead-companies-will-only-absorb-higher-tariff-costs-for-so-long.html — Expectation of inflation due to higher tariff costs | 📈 Stocks making the biggest moves midday: Tesla, Intel, Deckers, Charter Communications and more - https://www.cnbc.com/2025/07/25/stocks-making-the-biggest-moves-midday-tsla-intc-deck-chtr.html — Positive stock movements and market activity | 📈 Trump says he believes Powell is ready to start lowering rates - https://www.cnbc.com/2025/07/25/trump-says-he-believes-powell-is-ready-to-start-lowering-rates.html — Expectation of rate cuts by Powell | 📈 India expects 'preferential' tariffs in a trade deal with U.S., says India's commerce minister - https://www.cnbc.com/2025/07/25/india-expects-preferential-tariffs-in-trade-deal-with-us-says-indias-commerce-minister-piyush-goyal.html — Positive outlook on trade deal with U.S. | 📈 This was a good time to raise guidance, Natwest chief financial officer says - https://www.cnbc.com/video/2025/07/25/this-was-a-good-time-to-raise-guidance-natwest-chief-financial-officer-says.html — Positive guidance from Natwest CFO | 📈 S&P 500 rises, heads for winning week on strong earnings, trade deal optimism: Live updates - https://www.cnbc.com/2025/07/24/stock-market-today-live-updates.html — S&P 500 rising on strong earnings and trade deal optimism"
2025-07-28,,,,3,📈 Bullish (Confidence: 0.7),nan,,,"📉 China enabling war to continue in Ukraine: U.S. ambassador to NATO - https://www.cnbc.com/video/2025/07/25/china-are-enabling-the-fight-to-continue-in-ukraine-u-s-ambassador-to-nato.html — Geopolitical tensions between China and Ukraine | 🔹 Treasury yields flat as investors look ahead to Fed's interest rate decision - https://www.cnbc.com/2025/07/28/us-treasury-yields-investors-look-ahead-to-feds-rate-decision-.html — Investors waiting for Fed's interest rate decision | 🔹 Stocks making big premarket moves: Cheniere Energy, Nike, Kratos, ASML and more - https://www.cnbc.com/2025/07/28/stocks-making-the-biggest-premarket-moves.html — Premarket moves not indicating a clear direction | 📈 Oppenheimer is biggest bull on Wall Street again, raising S&P 500 forecast back to 7,100 - https://www.cnbc.com/2025/07/28/oppenheimer-is-biggest-bull-on-wall-street-again-raising-sp-500-forecast-back-to-7100.html — Positive outlook from Oppenheimer on S&P 500 | 🔹 How the U.S.-EU trade deal impacts America's imports overall: Tariff simulator - https://www.cnbc.com/2025/07/27/tariffs-how-us-eu-trade-deal-impacts-imports.html — Trade deal impact uncertain | 📈 This was a good time to raise guidance, Natwest chief financial officer says - https://www.cnbc.com/video/2025/07/25/this-was-a-good-time-to-raise-guidance-natwest-chief-financial-officer-says.html — Positive sentiment from Natwest CFO"
2025-07-28,,,,6,📈 Bullish (Confidence: 0.69),nan,,,"🔹 S&P 500 is little changed after U.S.-EU trade deal as traders brace for big market week ahead: Live... - https://www.cnbc.com/2025/07/27/stock-market-today-live-updates.html — Mixed news on trade deal impact | 📉 China enabling war to continue in Ukraine: U.S. ambassador to NATO - https://www.cnbc.com/video/2025/07/25/china-are-enabling-the-fight-to-continue-in-ukraine-u-s-ambassador-to-nato.html — Geopolitical tension in Ukraine | 📈 JPMorgan traders say the market will continue running until Nvidia reports earnings in late August - https://www.cnbc.com/2025/07/28/jpmorgan-traders-say-stocks-will-continue-running-until-nvidia-reports.html — Positive outlook until Nvidia earnings | 🔹 Stocks making the biggest moves midday: Tesla, Nike, Revvity, Anheuser-Busch and more - https://www.cnbc.com/2025/07/28/stocks-making-the-biggest-moves-midday-tsla-nke-rvty-bud.html — Mixed movements in midday stocks | 📈 This was a good time to raise guidance, Natwest chief financial officer says - https://www.cnbc.com/video/2025/07/25/this-was-a-good-time-to-raise-guidance-natwest-chief-financial-officer-says.html — Positive sentiment on raising guidance | 📈 LNG stocks jump after European Union agrees to massive U.S. energy purchases - https://www.cnbc.com/2025/07/28/lng-stocks-jump-after-european-union-agrees-to-massive-us-energy-purchases.html — LNG stocks jump on EU energy purchases | 🔹 How the U.S.-EU trade deal impacts America's imports overall: Tariff simulator - https://www.cnbc.com/2025/07/27/tariffs-how-us-eu-trade-deal-impacts-imports.html — Uncertain impact of trade deal on imports"
2025-07-29,,,,-3,📉 Bearish (Confidence: 0.62),nan,,,"📈 Stocks making the biggest moves premarket: Novo Nordisk, Whirlpool, Sarepta Therapeutics and more - https://www.cnbc.com/2025/07/29/stocks-making-the-biggest-moves-premarket-nvo-whr-srpt.html — S&P 500 rises on solid earnings | 📉 S&P 500 rises slightly on solid earnings as Fed decision looms: Live updates - https://www.cnbc.com/2025/07/28/stock-market-today-live-updates.html — Investors borrowing money to buy stocks at bubble-like pace | 📉 Chinese exports to U.S. could decrease by $485 billion by 2027: Tariff simulator - https://www.cnbc.com/2025/07/28/chinese-trade-to-us-could-drop-by-485-billion-tariff-simulator.html — Chinese exports to U.S. could decrease significantly due to tariffs | 🔹 Investors are using borrowed money to buy stocks at a pace last seen during market bubbles - https://www.cnbc.com/2025/07/29/investors-are-borrowing-money-to-buy-stocks-at-pace-last-seen-in-market-bubbles.html — Mixed sentiment on China's role in Ukraine conflict | 🔹 China enabling war to continue in Ukraine: U.S. ambassador to NATO - https://www.cnbc.com/video/2025/07/25/china-are-enabling-the-fight-to-continue-in-ukraine-u-s-ambassador-to-nato.html — Neutral statement on raising guidance by Natwest CFO"
2025-07-29,,,,3,📈 Bullish (Confidence: 0.7),nan,,,"🔹 S&P 500 retreats from record as comeback rally pauses before Fed decision: Live updates - https://www.cnbc.com/2025/07/28/stock-market-today-live-updates.html — Market retreats before Fed decision | 🔹 Stocks making the biggest moves midday: Carrier, Johnson Controls, Chart Industries, Sarepta and... - https://www.cnbc.com/2025/07/29/stocks-making-the-biggest-moves-midday-carr-jci-srpt-rcl-gtls-pii.html — Neutral news on stock movements | 📈 Investors are using borrowed money to buy stocks at a pace last seen during market bubbles - https://www.cnbc.com/2025/07/29/investors-are-borrowing-money-to-buy-stocks-at-pace-last-seen-in-market-bubbles.html — Investors borrowing money for stocks may indicate bullish sentiment | 📈 Ether treasury companies are just getting started, could own 10% of coin one day, says Standard... - https://www.cnbc.com/2025/07/29/ether-treasury-companies-could-own-10percent-of-coin-one-day-says-standard-chartered.html — Positive outlook for Ether treasury companies | 📉 China enabling war to continue in Ukraine: U.S. ambassador to NATO - https://www.cnbc.com/video/2025/07/25/china-are-enabling-the-fight-to-continue-in-ukraine-u-s-ambassador-to-nato.html — Negative impact of China's actions on Ukraine conflict | 📉 Chinese exports to U.S. could decrease by $485 billion by 2027: Tariff simulator - https://www.cnbc.com/2025/07/28/chinese-trade-to-us-could-drop-by-485-billion-tariff-simulator.html — Potential decrease in Chinese exports to U.S. due to tariffs | 📈 This was a good time to raise guidance, Natwest chief financial officer says - https://www.cnbc.com/video/2025/07/25/this-was-a-good-time-to-raise-guidance-natwest-chief-financial-officer-says.html — Positive sentiment from Natwest CFO on raising guidance"
2025-07-30,,,15.9,-12,📉 Bearish (Confidence: 0.76),nan,,,"📉 Chinese exports to U.S. could decrease by $485 billion by 2027: Tariff simulator - https://www.cnbc.com/2025/07/28/chinese-trade-to-us-could-drop-by-485-billion-tariff-simulator.html — Potential decrease in Chinese exports to U.S. | 📉 Wall Street sets sights on Fed announcement that could jolt market - https://www.cnbc.com/2025/07/30/the-security-to-watch-heading-into-the-fed-decision.html — Concerns over Fed announcement impact on market | 📉 China enabling war to continue in Ukraine: U.S. ambassador to NATO - https://www.cnbc.com/video/2025/07/25/china-are-enabling-the-fight-to-continue-in-ukraine-u-s-ambassador-to-nato.html — Negative impact of China's actions in Ukraine | 🔹 S&P 500 is little changed as traders digest strong GDP report, await Fed decision: Live updates - https://www.cnbc.com/2025/07/29/stock-market-today-live-updates.html — Market relatively unchanged awaiting Fed decision | 📉 UBS CEO: Trump tariffs will impact consumption and inflation - https://www.cnbc.com/video/2025/07/30/ubs-ceo-trumps-tariffs-will-increase-the-consumer-price-of-u-s-imports-by-30-percent.html — Prediction of impact of Trump tariffs on consumption and inflation"
2025-07-30,6385.48,6415.0,16.02,-3,📉 Bearish (Confidence: 0.73),nan,,,"📉 Stocks making the biggest moves midday: Harley-Davidson, Wingstop, Sarepta Therapeutics and more - https://www.cnbc.com/2025/07/30/stocks-making-the-biggest-moves-midday-hog-wing-srpt.html — Chinese exports to U.S. could decrease significantly | 📈 Stocks tick higher as traders digest strong GDP report, await Fed decision: Live updates - https://www.cnbc.com/2025/07/29/stock-market-today-live-updates.html — Stocks tick higher as traders digest strong GDP report | 📉 Chinese exports to U.S. could decrease by $485 billion by 2027: Tariff simulator - https://www.cnbc.com/2025/07/28/chinese-trade-to-us-could-drop-by-485-billion-tariff-simulator.html — UBS CEO warns of impact from Trump tariffs on consumption and inflation | 🔹 China enabling war to continue in Ukraine: U.S. ambassador to NATO - https://www.cnbc.com/video/2025/07/25/china-are-enabling-the-fight-to-continue-in-ukraine-u-s-ambassador-to-nato.html — Mixed sentiment due to geopolitical tensions in China and Ukraine"
2025-07-31,,,15.28,0,🔹 Neutral (Confidence: 0.68),nan,,,"📈 Stocks rise on monster post-earnings gains from Meta and Microsoft: Live updates - https://www.cnbc.com/2025/07/30/stock-market-today-live-updates.html — Positive post-earnings gains from Meta and Microsoft driving stock market up | 📉 UBS CEO: Trump tariffs will impact consumption and inflation - https://www.cnbc.com/video/2025/07/30/ubs-ceo-trumps-tariffs-will-increase-the-consumer-price-of-u-s-imports-by-30-percent.html — Concerns about impact of Trump tariffs on consumption and inflation | 🔹 Stocks making the biggest premarket moves: CVS, Comcast, Meta, Norwegian Cruise and more - https://www.cnbc.com/2025/07/31/stocks-making-the-biggest-premarket-moves-.html — Mixed movements in premarket with various stocks showing volatility | 🔹 Treasury yields slip as traders weigh new U.S. inflation data - https://www.cnbc.com/2025/07/31/us-treasury-yields-investors-await-feds-preferred-inflation-gauge-.html — Traders assessing new U.S. inflation data, leading to uncertainty in Treasury yields"
2025-07-31,,,,0,🔹 Neutral (Confidence: 0.7),nan,,,📉 UBS CEO: Trump tariffs will impact consumption and inflation - https://www.cnbc.com/video/2025/07/30/ubs-ceo-trumps-tariffs-will-increase-the-consumer-price-of-u-s-imports-by-30-percent.html — UBS CEO warns of impact of Trump tariffs on consumption and inflation | 📈 S&P 500 and Nasdaq hit record highs on big gains from Meta and Microsoft: Live updates - https://www.cnbc.com/2025/07/30/stock-market-today-live-updates.html — S&P 500 and Nasdaq hit record highs on gains from Meta and Microsoft | 🔹 You can bet on the words that will be said on Apple's earnings call like 'Tariff' and 'Severance' - https://www.cnbc.com/2025/07/31/you-can-bet-on-the-words-that-will-be-said-on-apples-earnings-call.html — Uncertain impact of 'Tariff' and 'Severance' on Apple's earnings call | 🔹 Markets see dwindling odds of a September interest rate cut from the Fed - https://www.cnbc.com/2025/07/31/markets-see-dwindling-odds-of-a-september-interest-rate-cut-from-the-fed.html — Markets uncertain about a September interest rate cut from the Fed
2025-08-01,,,,-3,📉 Bearish (Confidence: 0.75),nan,,,"📉 Wall Street reacts to horrible July jobs report: September rate cut is back on the table - https://www.cnbc.com/2025/08/01/wall-street-reacts-to-horrible-july-jobs-report-september-rate-cut-is-back-on-the-table.html — Weak jobs report and tariff concerns leading to market drop | 📈 Fed governors Bowman, Waller explain their dissents, say waiting to cut rates threatens economy - https://www.cnbc.com/2025/08/01/fed-governors-bowman-waller-explain-their-dissents-say-waiting-to-cut-rates-threatens-economy.html — Possibility of September rate cut due to poor jobs report | 📉 Dow drops 500 points after weak jobs report, U.S. tariff rollout: Live updates - https://www.cnbc.com/2025/07/31/stock-market-today-live-updates.html — UBS CEO predicts negative impact of Trump tariffs on consumption and inflation | 🔹 UBS CEO: Trump tariffs will impact consumption and inflation - https://www.cnbc.com/video/2025/07/30/ubs-ceo-trumps-tariffs-will-increase-the-consumer-price-of-u-s-imports-by-30-percent.html — Mixed moves premarket with no clear trend"
2025-08-01,,,,-9,📉 Bearish (Confidence: 0.73),nan,,,"📉 Dow tumbles 400 points as weak jobs data, new tariffs spark sell-off: Live updates - https://www.cnbc.com/2025/07/31/stock-market-today-live-updates.html — Weak jobs data and new tariffs causing sell-off | 📉 UBS CEO: Trump tariffs will impact consumption and inflation - https://www.cnbc.com/video/2025/07/30/ubs-ceo-trumps-tariffs-will-increase-the-consumer-price-of-u-s-imports-by-30-percent.html — UBS CEO warns of impact of Trump tariffs on consumption and inflation | 📉 Higher tariffs are becoming problematic for the market once again - https://www.cnbc.com/2025/08/01/higher-tariffs-are-becoming-problematic-for-the-market-once-again.html — Higher tariffs causing problems for the market | 🔹 Stocks making the biggest moves midday: Apple, Amazon, Monolithic Power, Reddit and more - https://www.cnbc.com/2025/08/01/stocks-making-the-biggest-moves-midday-aapl-amzn-mpwr-rddt.html — Neutral news about stocks making moves"
2025-08-04,,,,-3,📉 Bearish (Confidence: 0.7),nan,,,"📈 Stocks bounce after Friday's sell-off, Dow opens 200 points higher: Live updates - https://www.cnbc.com/2025/08/03/stock-market-today-live-updates.html — Stocks bounce after sell-off | 📉 UBS CEO: Trump tariffs will impact consumption and inflation - https://www.cnbc.com/video/2025/07/30/ubs-ceo-trumps-tariffs-will-increase-the-consumer-price-of-u-s-imports-by-30-percent.html — Impact on consumption and inflation from Trump tariffs | 🔹 Stocks making the biggest moves premarket: On Semiconductor, Wayfair, Spotify, Tesla and more - https://www.cnbc.com/2025/08/04/stocks-making-the-biggest-moves-premarket-on-w-spot-tsla.html — Mixed movements premarket for various stocks | 🔹 Earnings growth would be quite pedestrian for S&P 500 without 26% increase from the Mag 7 - https://www.cnbc.com/2025/08/04/sp-500-earnings-growth-would-be-dull-without-26percent-increase-from-mag-7.html — Earnings growth analysis for S&P 500 | 📉 10-year Treasury yield moves lower as investors weigh the state of the U.S. economy - https://www.cnbc.com/2025/08/04/us-treasury-yields-investors-weigh-the-state-of-the-us-economy.html — 10-year Treasury yield moves lower, indicating economic concerns"
2025-08-04,,,,-6,📉 Bearish (Confidence: 0.76),nan,,,"📉 Earnings growth would be quite pedestrian for S&P 500 without 26% increase from the Mag 7 - https://www.cnbc.com/2025/08/04/sp-500-earnings-growth-would-be-dull-without-26percent-increase-from-mag-7.html — Earnings growth outlook is dull without significant increase | 📉 A bearish 'double top' pattern just formed in the Dow. What that means - https://www.cnbc.com/2025/08/04/a-bearish-double-top-pattern-just-formed-in-the-dow-what-that-means.html — Bearish 'double top' pattern formation in the Dow | 🔹 Stocks making the biggest moves midday: Figma, Joby Aviation, CommScope, Wayfair and more - https://www.cnbc.com/2025/08/04/stocks-making-the-biggest-moves-midday-fig-joby-comm-w.html — Neutral news on stocks making moves midday | 📉 UBS CEO: Trump tariffs will impact consumption and inflation - https://www.cnbc.com/video/2025/07/30/ubs-ceo-trumps-tariffs-will-increase-the-consumer-price-of-u-s-imports-by-30-percent.html — Impact of Trump tariffs on consumption and inflation | 📈 Dow rallies 500 points as Wall Street rebounds from Friday's sell-off: Live updates - https://www.cnbc.com/2025/08/03/stock-market-today-live-updates.html — Wall Street rebounds with Dow rallying 500 points"
2025-08-05,,,,-3,📉 Bearish (Confidence: 0.68),nan,,,"📉 Below-the-radar services report could show first cracks in economy from tariffs - https://www.cnbc.com/2025/08/05/services-report-could-show-first-cracks-in-economy-from-tariffs.html — First cracks in economy from tariffs | 📉 Nasdaq opens higher on the back of Palantir, broader market weighed down by more Trump tariff... - https://www.cnbc.com/2025/08/04/stock-market-today-live-updates.html — Market weighed down by more Trump tariffs | 🔹 Stocks making the biggest premarket moves: Pfizer, Eaton, Palantir, Yum and more - https://www.cnbc.com/2025/08/05/stocks-making-the-biggest-premarket-moves-.html — Neutral news on premarket moves | 📈 10-year Treasury yield climbs ahead of key services data - https://www.cnbc.com/2025/08/05/10-year-treasury-yield-climbs-ahead-of-key-services-data.html — Climbing Treasury yield indicates positive sentiment"
2025-08-05,6298.01,,,-3,📉 Bearish (Confidence: 0.73),nan,,,📈 NASA under Trump aims to build nuclear reactor on moon before China and Russia - https://www.cnbc.com/2025/08/05/nasa-under-trump-aims-to-build-nuclear-reactor-on-moon-before-china-and-russia.html — Advancement in space technology and competition with other countries | 📉 Below-the-radar services report could show first cracks in economy from tariffs - https://www.cnbc.com/2025/08/05/services-report-could-show-first-cracks-in-economy-from-tariffs.html — Weak economic data and tariff threats impacting stock market | 📉 Stocks fall after weak economic data and more tariff threats: Live updates - https://www.cnbc.com/2025/08/04/stock-market-today-live-updates.html — Stocks falling due to weak economic data and tariff threats
2025-08-06,,,,6,📈 Bullish (Confidence: 0.65),bearish,6340.94,0.0,"📈 Stocks making the biggest moves premarket: McDonald's, Snap, Super Micro, Opendoor, Disney and more - https://www.cnbc.com/2025/08/06/stocks-making-the-biggest-moves-premarket-mcd-snap-smci-dis-and-more.html — Stocks making big moves premarket | 📈 Stocks rise as investors assess latest raft of corporate earnings: Live updates - https://www.cnbc.com/2025/08/05/stock-market-today-live-updates.html — Positive market sentiment from corporate earnings"
2025-08-06,,,,0,🔹 Neutral (Confidence: 0.8),bearish,6340.94,0.0,"📉 Stocks making the biggest moves midday: Apple, Viasat, McDonald's, Grocery Outlet & more - https://www.cnbc.com/2025/08/06/stocks-making-the-biggest-moves-midday-aapl-vsat-mcd-go.html — Hedge funds turning cautious at record highs | 📈 Hedge funds, matching the market's performance, are turning cautious with stocks at record highs - https://www.cnbc.com/2025/08/06/hedge-funds-are-turning-cautious-with-stocks-at-record-highs.html — Stocks rise led by Apple gains"
2025-08-07,,,,0,🔹 Neutral (Confidence: 0.68),bearish,6328.01,0.0,"📈 Stocks jump after Trump’s chip tariffs have broad exemptions, Dow gains 200 points: Live updates - https://www.cnbc.com/2025/08/06/stock-market-today-live-updates.html — Stocks jump after exemptions from chip tariffs | 📉 Tariffs have had a dampening effect on U.S. trade, says Maersk CEO - https://www.cnbc.com/video/2025/08/07/tariffs-have-had-a-dampening-effect-on-u-s-trade-says-maersk-ceo.html — Maersk CEO mentions dampening effect of tariffs on U.S. trade | 🔹 Calling for clarity — CEOs navigate global tariff turmoil - https://www.cnbc.com/video/2025/08/07/calling-for-clarity--ceos-navigate-global-tariff-turmoil.html — CEOs seeking clarity amidst global tariff turmoil | 🔹 Stocks making the biggest moves premarket: Eli Lilly, Peloton, Intel, Duolingo and more - https://www.cnbc.com/2025/08/07/stocks-making-the-biggest-moves-premarket-lly-pton-intc-duol.html — Premarket moves indicate mixed sentiment in the market"
2025-08-07,,,,-3,📉 Bearish (Confidence: 0.65),bearish,6328.01,1.0,"📉 Tariffs have had a dampening effect on U.S. trade, says Maersk CEO - https://www.cnbc.com/video/2025/08/07/tariffs-have-had-a-dampening-effect-on-u-s-trade-says-maersk-ceo.html — Maersk CEO mentions dampening effect of tariffs on U.S. trade | 📉 Sentiment on stocks collapses the most since the February market top - https://www.cnbc.com/2025/08/07/sentiment-on-stocks-collapses-the-most-since-the-february-market-top.html — Sentiment on stocks collapses significantly | 🔹 Stocks making the biggest moves midday: Fortinet, Duolingo, Eli Lilly, AppLovin and more - https://www.cnbc.com/2025/08/07/stocks-making-the-biggest-moves-midday-ftnt-duol-lly-app.html — Mixed movements in stocks midday | 🔹 Prediction markets have a new favorite for the next Fed chair — Christopher Waller - https://www.cnbc.com/2025/08/07/prediction-markets-have-a-new-favorite-for-the-next-fed-chair-christopher-waller.html — Prediction markets favoring Christopher Waller for next Fed chair | 🔹 Calling for clarity — CEOs navigate global tariff turmoil - https://www.cnbc.com/video/2025/08/07/calling-for-clarity--ceos-navigate-global-tariff-turmoil.html — CEOs navigating global tariff turmoil for clarity | 📈 Nasdaq lifted by Nvidia and Apple, but broader market is little changed: Live updates - https://www.cnbc.com/2025/08/06/stock-market-today-live-updates.html — Nasdaq lifted by Nvidia and Apple, but broader market unchanged"
2025-08-08,,,16.11,-3,📉 Bearish (Confidence: 0.6),nan,,,"📉 Stocks making the biggest moves premarket: Under Armour, Expedia, Trade Desk, MP Materials and more - https://www.cnbc.com/2025/08/08/stocks-making-the-biggest-moves-premarket-uaa-expe-ttd-mp.html — Market betting on Fed could be a mistake | 📈 The market is back to betting on the Fed to save the day. Why that could be a mistake - https://www.cnbc.com/2025/08/08/markets-are-betting-on-the-fed-to-save-the-day-that-could-be-a-mistake-.html — Stocks tick higher, closing out a winning week | 📉 Stocks tick higher as Wall Street looks to close out a winning week: Live updates - https://www.cnbc.com/2025/08/07/stock-market-today-live-updates.html — Tariffs dampening effect on U.S. trade"
2025-08-08,,6412.0,15.72,-3,📉 Bearish (Confidence: 0.8),nan,,,"📉 Tariffs have had a dampening effect on U.S. trade, says Maersk CEO - https://www.cnbc.com/video/2025/08/07/tariffs-have-had-a-dampening-effect-on-u-s-trade-says-maersk-ceo.html — Negative impact of tariffs on U.S. trade | 📈 Stocks tick higher as Wall Street looks to close out a winning week: Live updates - https://www.cnbc.com/2025/08/07/stock-market-today-live-updates.html — Stocks ticking higher | 📉 The market is back to betting on the Fed to save the day. Why that could be a mistake - https://www.cnbc.com/2025/08/08/markets-are-betting-on-the-fed-to-save-the-day-that-could-be-a-mistake-.html — Concerns about market relying too heavily on the Fed"
2025-08-11,,6416.5,,3,📈 Bullish (Confidence: 0.73),bearish,6390.26,0.0,"📉 Stocks are little changed to start the week, Nvidia and AMD slip: Live updates - https://www.cnbc.com/2025/08/10/stock-market-today-live-updates.html — Nvidia and AMD slip | 📈 Trump-Putin talks a 'win-win' for European defense stocks, TS Lombard says - https://www.cnbc.com/video/2025/08/11/trump-putin-talks-a-win-win-for-european-defense-stocks-ts-lombard-says.html — Trump-Putin talks seen as positive for European defense stocks | 📈 Citigroup raises S&P 500 forecast thanks to strong earnings, tax bill benefits - https://www.cnbc.com/2025/08/11/citi-raises-sp-500-forecast-thanks-to-strong-profits-tax-bill-benefits.html — Citigroup raises S&P 500 forecast due to strong earnings and tax bill benefits | 🔹 Stocks making the biggest moves premarket: Paramount Skydance, Nvidia, C3.ai, Intel and more - https://www.cnbc.com/2025/08/11/stocks-making-the-biggest-moves-premarket-psky-nvda-ai-intc-and-more.html — No clear direction indicated for stocks making moves premarket"
2025-08-11,,6418.0,,6,📈 Bullish (Confidence: 0.68),bearish,6390.26,0.0,"📈 Trump-Putin talks a 'win-win' for European defense stocks, TS Lombard says - https://www.cnbc.com/video/2025/08/11/trump-putin-talks-a-win-win-for-european-defense-stocks-ts-lombard-says.html — Positive outlook for European defense stocks after Trump-Putin talks | 🔹 Traders brace for the big July CPI number. Here’s what JPMorgan thinks may happen - https://www.cnbc.com/2025/08/11/traders-brace-for-the-big-cpi-number-what-jpmorgan-thinks-will-happen.html — Uncertainty around CPI data causing neutral sentiment | 🔹 Stocks are little changed to start the week as traders look ahead to CPI data: Live updates - https://www.cnbc.com/2025/08/10/stock-market-today-live-updates.html — Market little changed, waiting for CPI data | 📈 Stocks making the biggest moves midday: e.l.f. Beauty, Tegna, C3.ai, CoreWeave & more - https://www.cnbc.com/2025/08/11/stocks-making-the-biggest-moves-midday-elf-tgna-ai-crwv.html — Stocks making big moves midday, potential positive sentiment"
2025-08-12,,,,6,📈 Bullish (Confidence: 0.76),bearish,6445.82,0.0,"📈 Dow rises 200 points after slightly lighter-than-expected inflation data: Live updates - https://www.cnbc.com/2025/08/11/stock-market-today-live-updates-.html — Dow rises after lighter-than-expected inflation data | 📉 Consumer prices rise 2.7% annually in July, less than expected amid tariff worries - https://www.cnbc.com/2025/08/12/cpi-inflation-report-july-2025.html — Consumer prices rise less than expected | 📈 Trump-Putin talks a 'win-win' for European defense stocks, TS Lombard says - https://www.cnbc.com/video/2025/08/11/trump-putin-talks-a-win-win-for-european-defense-stocks-ts-lombard-says.html — Positive outlook for European defense stocks after Trump-Putin talks | 📈 Wall Street now sees 3 Fed rate cuts before year-end - https://www.cnbc.com/2025/08/12/wall-street-now-sees-3-fed-rate-cuts-before-year-end.html — Expectation of 3 Fed rate cuts before year-end | 🔹 Stocks making the biggest moves premarket: Hanesbrands, On Holding, Circle, BigBear.ai and more - https://www.cnbc.com/2025/08/12/stocks-making-the-biggest-moves-premarket-hbi-onon-crcl-bbai.html — Neutral news about stocks making big moves premarket"
2025-08-12,,6432.0,,9,📈 Bullish (Confidence: 0.82),bearish,6445.82,0.0,"📈 Wall Street now sees 3 Fed rate cuts before year-end - https://www.cnbc.com/2025/08/12/wall-street-now-sees-3-fed-rate-cuts-before-year-end.html — Wall Street expects 3 Fed rate cuts before year-end | 📈 Stocks making the biggest moves midday: Hanesbrands, Mercury Systems, Sonos, Intel & more - https://www.cnbc.com/2025/08/12/stocks-making-the-biggest-moves-midday-hbi-mcry-sono-intc.html — S&P 500 jumps to record high after inflation report, signaling potential rate cuts | 📈 S&P 500 jumps to record high as inflation report gives Fed green light to cut rates: Live updates - https://www.cnbc.com/2025/08/11/stock-market-today-live-updates-.html — Trump-Putin talks seen as positive for European defense stocks"
2025-08-13,,,,9,📈 Bullish (Confidence: 0.68),nan,,,"📈 Stocks rise as S&P 500 and Nasdaq hit fresh record highs: Live updates - https://www.cnbc.com/2025/08/12/stock-market-today-live-updates.html — S&P 500 and Nasdaq at record highs | 📈 Trump-Putin talks a 'win-win' for European defense stocks, TS Lombard says - https://www.cnbc.com/video/2025/08/11/trump-putin-talks-a-win-win-for-european-defense-stocks-ts-lombard-says.html — Positive outlook for European defense stocks | 📈 Goldman says it’s time to play the meme stocks again - https://www.cnbc.com/2025/08/13/goldman-says-its-time-to-play-the-meme-stocks-again.html — Encouragement to invest in meme stocks | 🔹 Stocks making the biggest moves premarket: Cava, CoreWeave, Brinker, Hanesbrands and more - https://www.cnbc.com/2025/08/13/stocks-making-the-biggest-moves-premarket-cava-crwv-eat-hbi.html — Premarket moves not strongly indicative"
2025-08-13,,,,9,📈 Bullish (Confidence: 0.6),nan,,,"📈 Goldman says it’s time to play the meme stocks again - https://www.cnbc.com/2025/08/13/goldman-says-its-time-to-play-the-meme-stocks-again.html — Goldman suggests playing meme stocks again | 📈 Stocks making the biggest moves premarket: Cava, CoreWeave, Brinker, Hanesbrands and more - https://www.cnbc.com/2025/08/13/stocks-making-the-biggest-moves-premarket-cava-crwv-eat-hbi.html — Stocks making big moves premarket | 🔹 Odds of Trump tapping David Zervos for Fed chief jump on Kalshi after CNBC report - https://www.cnbc.com/2025/08/13/trump-zervos-fed-kalshi-odds.html — Speculative odds on Trump's Fed chief choice | 📈 Trump-Putin talks a 'win-win' for European defense stocks, TS Lombard says - https://www.cnbc.com/video/2025/08/11/trump-putin-talks-a-win-win-for-european-defense-stocks-ts-lombard-says.html — Positive outlook for European defense stocks post Trump-Putin talks"
2025-08-14,,,,0,🔹 Neutral (Confidence: 0.73),nan,,,"📉 Dow drops 200 points after July’s wholesale inflation is much hotter than expected: Live updates - https://www.cnbc.com/2025/08/13/stock-market-today-live-updates.html — Dow drops 200 points on higher than expected wholesale inflation | 📉 2-year Treasury yield rises after hot producer prices number - https://www.cnbc.com/2025/08/14/us-treasury-yields-investors-await-further-inflation-data-.html — 2-year Treasury yield rises on hot producer prices number | 📈 Stocks making the biggest moves premarket: Deere, Tapestry, Coherent, Bullish and more - https://www.cnbc.com/2025/08/14/stocks-making-the-biggest-moves-premarket-li-de-tpr-blsh-and-more.html — Stocks making big moves premarket | 📈 Trump-Putin talks a 'win-win' for European defense stocks, TS Lombard says - https://www.cnbc.com/video/2025/08/11/trump-putin-talks-a-win-win-for-european-defense-stocks-ts-lombard-says.html — Positive outlook for European defense stocks post Trump-Putin talks"
2025-08-14,,,,-3,📉 Bearish (Confidence: 0.75),nan,,,"📈 Trump-Putin talks a 'win-win' for European defense stocks, TS Lombard says - https://www.cnbc.com/video/2025/08/11/trump-putin-talks-a-win-win-for-european-defense-stocks-ts-lombard-says.html — Positive outlook for European defense stocks following Trump-Putin talks | 📉 Stocks fall for the first day in three after hot inflation data: Live updates - https://www.cnbc.com/2025/08/13/stock-market-today-live-updates.html — Stocks fall after hot inflation data | 🔹 Stocks making the biggest moves midday: Miami International, Paramount Skydance, Advance Auto Parts... - https://www.cnbc.com/2025/08/14/stocks-making-the-biggest-moves-midday-miax-psky-aap.html — Neutral sentiment as stocks make moves midday | 📉 Treasury yields increase after hot producer prices number - https://www.cnbc.com/2025/08/14/us-treasury-yields-investors-await-further-inflation-data-.html — Treasury yields increase after hot producer prices number"
2025-08-15,,,,9,📈 Bullish (Confidence: 0.6),nan,,,"📈 Stocks making the biggest moves premarket: Intel, Target, UnitedHealth and more - https://www.cnbc.com/2025/08/15/stocks-making-the-biggest-moves-premarket-intc-tgt-unh.html — Positive premarket moves of Intel and UnitedHealth | 📈 Trump-Putin talks a 'win-win' for European defense stocks, TS Lombard says - https://www.cnbc.com/video/2025/08/11/trump-putin-talks-a-win-win-for-european-defense-stocks-ts-lombard-says.html — Positive outlook for European defense stocks post Trump-Putin talks | 🔹 Treasury yields flat after July's solid retail sales data report - https://www.cnbc.com/2025/08/15/treasury-yields-flat-ahead-of-import-price-retail-sales-data.html — Treasury yields remaining flat after solid retail sales data | 📈 Stocks making the biggest moves after hours: Applied Materials, UnitedHealth, Intel and more - https://www.cnbc.com/2025/08/14/stocks-making-big-moves-after-hours-amat-unh-intc-and-more.html — Positive after-hours moves of Applied Materials and UnitedHealth"
2025-08-15,,,,0,🔹 Neutral (Confidence: 0.62),nan,,,"📈 Trump-Putin talks a 'win-win' for European defense stocks, TS Lombard says - https://www.cnbc.com/video/2025/08/11/trump-putin-talks-a-win-win-for-european-defense-stocks-ts-lombard-says.html — Positive outlook for European defense stocks after Trump-Putin talks | 🔹 S&P 500 falls slightly Friday, but on track for big weekly gain: Live updates - https://www.cnbc.com/2025/08/14/stock-futures-today-live-updates.html — Slight fall in S&P 500 but still on track for a big weekly gain | 🔹 Stocks making the biggest moves midday: UnitedHealth, Applied Materials, Sandisk and more - https://www.cnbc.com/2025/08/15/stocks-making-big-moves-midday-unh-amat-sndk-csco-evlv-flo-.html — Neutral news about stocks making moves midday | 📉 Fed's Goolsbee sees 'note of unease' as central bank looks to next interest rate move - https://www.cnbc.com/2025/08/15/goolsbee-sees-note-of-unease-as-fed-looks-to-next-interest-rate-move.html — Concerns expressed by Fed's Goolsbee about next interest rate move | 🔹 Stocks making the biggest moves premarket: Intel, Target, UnitedHealth and more - https://www.cnbc.com/2025/08/15/stocks-making-the-biggest-moves-premarket-intc-tgt-unh.html — Neutral news about stocks making moves premarket"
2025-08-18,,,,3,📈 Bullish (Confidence: 0.67),nan,,,"📈 Wells Fargo hikes S&P 500 target as U.S. tariffs get delayed again - https://www.cnbc.com/2025/08/18/wells-fargo-hikes-sp-500-target-as-us-tariffs-get-delayed-again.html — Wells Fargo hikes S&P 500 target and U.S. tariffs get delayed | 🔹 Stocks are little changed to start the week as traders await Powell speech, retail earnings: Live... - https://www.cnbc.com/2025/08/17/stock-market-today-live-updates.html — Stocks little changed as traders await Powell speech and retail earnings | 🔹 Stocks making the biggest moves premarket: Dayforce, Sunrun, Tesla, Novo Nordisk and more - https://www.cnbc.com/2025/08/18/stocks-making-the-biggest-moves-premarket-day-run-tsla-nvo-and-more.html — Premarket moves indicate mixed activity"
2025-08-18,,,,0,🔹 Neutral (Confidence: 0.73),nan,,,"📉 Treasury yields edge higher as traders gear up for Fed minutes - https://www.cnbc.com/2025/08/18/treasury-yields-dip-as-traders-gear-up-for-fed-minutes.html — Traders gearing up for Fed minutes may indicate uncertainty in the market | 📈 Wells Fargo hikes S&P 500 target as U.S. tariffs get delayed again - https://www.cnbc.com/2025/08/18/wells-fargo-hikes-sp-500-target-as-us-tariffs-get-delayed-again.html — Positive outlook with Wells Fargo hiking S&P 500 target and U.S. tariffs getting delayed | 🔹 Stocks are little changed to start the week as traders await Powell speech, retail earnings: Live... - https://www.cnbc.com/2025/08/17/stock-market-today-live-updates.html — Market little changed, awaiting Powell speech and retail earnings"
2025-08-19,,,,0,🔹 Neutral (Confidence: 0.55),bearish,6406.63,0.0,"🔹 Stock futures tick down as retail earnings roll in, traders await Powell speech: Live updates - https://www.cnbc.com/2025/08/18/stock-market-today-live-updates.html — Mixed signals from retail earnings and Powell speech anticipation | 🔹 Bessent says interviews for 'incredible group' of potential Fed chairs will start after Labor Day - https://www.cnbc.com/2025/08/19/bessent-says-interviews-for-incredible-group-of-potential-fed-chairs-will-start-after-labor-day.html — Uncertainty around potential Fed chair appointments"
2025-08-19,,,,-6,📉 Bearish (Confidence: 0.65),bearish,6406.63,1.0,"🔹 Fed minutes will be looked at for clues on policy and politics - https://www.cnbc.com/2025/08/19/fed-minutes-will-be-looked-at-for-clues-on-policy-and-politics.html — Uncertain impact of Fed minutes on policy and politics | 📉 Stocks making the biggest moves midday: Home Depot, Intel, Viking Therapeutics, Nvidia and more - https://www.cnbc.com/2025/08/19/stocks-making-the-biggest-moves-midday-hd-intc-vktx-nvda.html — Nvidia leading tech lower causing Nasdaq to shed 1% | 🔹 Bessent says interviews for 'incredible group' of potential Fed chairs will start after Labor Day - https://www.cnbc.com/2025/08/19/bessent-says-interviews-for-incredible-group-of-potential-fed-chairs-will-start-after-labor-day.html — Uncertain impact of potential Fed chair interviews after Labor Day | 📉 Dow pulls back from record, Nasdaq sheds 1% as Nvidia leads tech lower: Live updates - https://www.cnbc.com/2025/08/18/stock-market-today-live-updates.html — Dow pulling back from record highs"
2025-08-20,,,,-6,📉 Bearish (Confidence: 0.65),bearish,6394.33,1.0,"🔹 Treasury yields hold steady as investors await Fed meeting minutes - https://www.cnbc.com/2025/08/20/treasury-yields-hold-steady-as-investors-await-fed-meeting-minutes-.html — Treasury yields holding steady, awaiting Fed meeting minutes | 🔹 Stocks making the biggest premarket moves: Target, Lowe's, Snowflake and more - https://www.cnbc.com/2025/08/20/stocks-making-the-biggest-premarket-moves-.html — Mixed movements in premarket, no clear trend | 📉 S&P 500 futures slip as investors weigh retail earnings, await Fed minutes: Live updates - https://www.cnbc.com/2025/08/19/stock-market-today-live-updates.html — S&P 500 futures slipping, uncertainty around retail earnings and Fed minutes | 📉 Tech is showing signs of slowing down. Is there trouble ahead for Wall Street? - https://www.cnbc.com/2025/08/20/tech-is-showing-signs-of-slowing-is-trouble-ahead-for-wall-street.html — Tech showing signs of slowing down, potential trouble for Wall Street"
2025-08-20,,,,-9,📉 Bearish (Confidence: 0.8),bearish,6394.33,1.0,"📉 Treasury yields dip as investors await Fed meeting minutes - https://www.cnbc.com/2025/08/20/treasury-yields-hold-steady-as-investors-await-fed-meeting-minutes-.html — Treasury yields dip, indicating investor caution before Fed meeting minutes | 📉 Tech is showing signs of slowing down. Is there trouble ahead for Wall Street? - https://www.cnbc.com/2025/08/20/tech-is-showing-signs-of-slowing-is-trouble-ahead-for-wall-street.html — Tech showing signs of slowing down, potential trouble ahead for Wall Street | 📉 Nasdaq falls for a second day as tech struggles again: Live updates - https://www.cnbc.com/2025/08/19/stock-market-today-live-updates.html — Nasdaq falls for a second day, tech struggles impacting market performance"
2025-08-21,6395.78,,,-6,📉 Bearish (Confidence: 0.6),bearish,6357.15,1.0,"📉 Stock futures slip after a 4-day losing streak for S&P 500: Live updates - https://www.cnbc.com/2025/08/20/stock-market-today-live-updates.html — Stock futures slipping after 4-day losing streak | 📉 Treasury yields inch higher as investors look ahead to Fed Chair Powell's speech - https://www.cnbc.com/2025/08/21/us-treasury-yields-investors-look-ahead-to-powells-speech.html — Investors cautious ahead of Fed Chair Powell's speech | 🔹 Stocks making the biggest moves premarket: Walmart, Hewlett Packard Enterprise, Instacart... - https://www.cnbc.com/2025/08/21/stocks-making-the-biggest-moves-premarket-wmt-hpe-cart-bnl-and-more.html — Premarket moves indicate mixed sentiment"
2025-08-21,,6385.5,,-3,📉 Bearish (Confidence: 0.75),bearish,6357.15,1.0,"📉 Why large caps could end up the ultimate winners from Trump tariffs, despite recent rotation - https://www.cnbc.com/2025/08/21/large-caps-could-still-end-up-the-ultimate-winners-from-trump-tariffs.html — S&P 500 falls for a fifth day, Dow drops 200 points | 🔹 S&P 500 falls for a fifth day, Dow drops 200 points led by Walmart: Live updates - https://www.cnbc.com/2025/08/20/stock-market-today-live-updates.html — Stocks making moves midday, mixed signals"
2025-08-22,,,,0,🔹 Neutral (Confidence: 0.65),bearish,6466.92,0.0,"🔹 Treasury yields little changed as investors await Powell's Jackson Hole speech - https://www.cnbc.com/2025/08/22/us-treasury-yields-investors-await-powells-jackson-hole-speech-.html — Treasury yields little changed, waiting for Powell's speech | 🔹 Stocks making the biggest moves premarket: Nvidia, Intuit, Workday, Ross Stores and more - https://www.cnbc.com/2025/08/22/stocks-making-the-biggest-moves-premarket-nvda-intu-wday-rost.html — Premarket moves not indicative of overall market sentiment"
2025-08-22,6465.73,,,6,📈 Bullish (Confidence: 0.7),bullish,6466.92,1.0,"📈 Wedbush's Dan Ives: Nvidia earnings another 'pop the champagne' moment - https://www.cnbc.com/video/2025/08/22/wedbushs-ives-nvidia-earnings-another-pop-the-champagne-moment.html — Nvidia earnings described as positive 'pop the champagne' moment | 📉 Cleveland Fed's Hammack casts doubt on interest rate cuts amid inflation worries - https://www.cnbc.com/2025/08/22/cleveland-feds-hammack-casts-doubt-on-interest-rate-cuts-amid-inflation-worries.html — Cleveland Fed's doubt on interest rate cuts amid inflation concerns | 📈 Dow soars 900 points to record as Powell speech sparks market rally: Live updates - https://www.cnbc.com/2025/08/21/stock-market-today-live-updates.html — Dow soaring 900 points to record after Powell speech | 📈 Powell didn't say a lot in Jackson Hole speech, but it was enough for markets - https://www.cnbc.com/2025/08/22/powell-didnt-say-a-lot-in-jackson-hole-speech-but-it-was-enough-for-markets.html — Powell's speech positively impacting markets despite minimal content | 🔹 Stocks making the biggest moves midday: Microchip Technology, Builders FirstSource, Zoom... - https://www.cnbc.com/2025/08/22/stocks-making-the-biggest-moves-midday-mchp-bldr-zm.html — Neutral news on stock movements midday"
2025-08-25,6466.91,,,3,📈 Bullish (Confidence: 0.55),nan,,,"📈 Stocks making the biggest moves premarket: Keurig Dr Pepper, Okta, Intel, Verint Systems and more - https://www.cnbc.com/2025/08/25/stocks-making-the-biggest-moves-premarket-kdp-okta-intc-vrnt.html — Positive premarket moves for multiple stocks | 📈 Wedbush's Dan Ives: Nvidia earnings another 'pop the champagne' moment - https://www.cnbc.com/video/2025/08/22/wedbushs-ives-nvidia-earnings-another-pop-the-champagne-moment.html — Positive sentiment towards Nvidia earnings | 🔹 U.S. Treasury yields tick higher as investors look toward key inflation data later in the week - https://www.cnbc.com/2025/08/25/us-treasury-yields-after-fed-chair-powells-speech.html — Mixed sentiment as investors await key inflation data | 📉 Stock futures slip after Dow's record close, traders await Nvidia earnings this week: Live updates - https://www.cnbc.com/2025/08/24/stock-market-today-live-updates.html — Stock futures slipping after record close for Dow"
2025-08-25,6466.7,6478.5,14.26,3,📈 Bullish (Confidence: 0.73),nan,,,"📈 Stocks making the biggest moves midday: Vital Energy, SolarEdge Technologies, RH & more - https://www.cnbc.com/2025/08/25/stocks-making-the-biggest-moves-midday-vtle-sedg-rh.html — Positive moves midday for Vital Energy and SolarEdge Technologies | 📈 Wedbush's Dan Ives: Nvidia earnings another 'pop the champagne' moment - https://www.cnbc.com/video/2025/08/22/wedbushs-ives-nvidia-earnings-another-pop-the-champagne-moment.html — Positive sentiment around Nvidia earnings | 📉 S&P 500 slips to start week, Intel and Nvidia lend support to Nasdaq: Live updates - https://www.cnbc.com/2025/08/24/stock-market-today-live-updates.html — S&P 500 slipping at the start of the week"
2025-08-26,,,,3,📈 Bullish (Confidence: 0.6),bearish,6465.89,0.0,"📉 Short-term Treasury yields fall, while long-term yields rise after Trump orders removal of Fed's... - https://www.cnbc.com/2025/08/26/us-treasury-yields-trump-says-hes-firing-fed-governor-lisa-cook-.html — Short-term Treasury yields falling may indicate concerns about the economy | 🔹 Stocks making the biggest moves premarket: EchoStar, Eli Lilly, Advanced Micro Devices & more - https://www.cnbc.com/2025/08/26/stocks-making-the-biggest-moves-premarket-sats-lly-amd.html — Mixed moves premarket, no clear trend | 📈 'Xi Jinping is a tech bro': Analyst says China's rally has room to run - https://www.cnbc.com/video/2025/08/26/xi-jinping-is-a-tech-bro-analyst-says-chinas-rally-has-room-to-run.html — Analyst bullish on China's rally potential | 📈 Wedbush's Dan Ives: Nvidia earnings another 'pop the champagne' moment - https://www.cnbc.com/video/2025/08/22/wedbushs-ives-nvidia-earnings-another-pop-the-champagne-moment.html — Positive sentiment towards Nvidia earnings | 🔹 Why Trump’s Fed takeover attempt isn’t rocking the stock market yet - https://www.cnbc.com/2025/08/26/why-trumps-fed-takeover-attempt-isnt-rocking-the-stock-market-yet.html — Market not yet reacting strongly to Trump's Fed takeover attempt"
2025-08-26,,6462.25,,3,📈 Bullish (Confidence: 0.7),bearish,6465.89,0.0,"📈 'Xi Jinping is a tech bro': Analyst says China's rally has room to run - https://www.cnbc.com/video/2025/08/26/xi-jinping-is-a-tech-bro-analyst-says-chinas-rally-has-room-to-run.html — Analyst sees China's rally continuing | 🔹 S&P 500 is little changed as traders weigh Trump's latest Fed salvo, brace for Nvidia earnings: Live... - https://www.cnbc.com/2025/08/25/stock-market-today-live-updates.html — Mixed signals with S&P 500 little changed | 📈 Stocks making the biggest moves midday: EchoStar, Brown-Forman, Semtech, Oklo & more - https://www.cnbc.com/2025/08/26/stocks-making-the-biggest-moves-midday-sats-bfa-smtc-okl.html — Stocks making big moves midday | 📉 Short-term Treasury yields fall, while long-term yields rise after Trump orders removal of Fed's... - https://www.cnbc.com/2025/08/26/us-treasury-yields-trump-says-hes-firing-fed-governor-lisa-cook-.html — Short-term Treasury yields fall, long-term rise after Fed news | 📉 Trump risks a 'riot in the bond market' with attempted Cook firing, says Evercore ISI's Guha - https://www.cnbc.com/2025/08/26/trump-risks-a-riot-in-the-bond-market-with-attempted-cook-firing-says-evercore-isis-guha.html — Concerns over Trump's impact on bond market | 📈 Wedbush's Dan Ives: Nvidia earnings another 'pop the champagne' moment - https://www.cnbc.com/video/2025/08/22/wedbushs-ives-nvidia-earnings-another-pop-the-champagne-moment.html — Positive outlook on Nvidia earnings"
2025-08-27,,,,6,📈 Bullish (Confidence: 0.73),nan,,,"📈 Stocks making the biggest moves premarket: Kohl's, MongoDB, Canada Goose, Cracker Barrel and more - https://www.cnbc.com/2025/08/27/stocks-making-the-biggest-moves-premarket-kss-mdb-goos-cbrl.html — Positive premarket moves for stocks | 📉 Fed's John Williams stresses independence as Trump moves to fire Lisa Cook - https://www.cnbc.com/2025/08/27/feds-john-williams-stresses-independence-as-trump-moves-to-fire-lisa-cook.html — Concerns over Fed independence and Trump's actions | 📉 Long-term yields keep rising as Trump amps up fight for Fed control - https://www.cnbc.com/2025/08/27/us-treasury-yields-investors-look-ahead-to-key-inflation-data.html — Rising long-term yields and Fed control uncertainty | 📈 Wedbush's Dan Ives: Nvidia earnings another 'pop the champagne' moment - https://www.cnbc.com/video/2025/08/22/wedbushs-ives-nvidia-earnings-another-pop-the-champagne-moment.html — Positive sentiment towards Nvidia earnings | 📈 Lego hits record revenue in first half of 2025, boosted by brick flowers and cars - https://www.cnbc.com/2025/08/27/lego-first-half-2025-earnings-post-record-revenue.html — Record revenue for Lego | 📈 'Xi Jinping is a tech bro': Analyst says China's rally has room to run - https://www.cnbc.com/video/2025/08/26/xi-jinping-is-a-tech-bro-analyst-says-chinas-rally-has-room-to-run.html — Analyst bullish on China's rally potential"
2025-08-27,6472.11,,,0,🔹 Neutral (Confidence: 0.75),nan,,,"📈 Stocks making the biggest moves premarket: Kohl's, MongoDB, Canada Goose, Cracker Barrel and more - https://www.cnbc.com/2025/08/27/stocks-making-the-biggest-moves-premarket-kss-mdb-goos-cbrl.html — Positive premarket and midday moves for various stocks | 📉 Stocks making the biggest moves midday: Paramount Skydance, Krispy Kreme, Kohl's, Nvidia and more - https://www.cnbc.com/2025/08/27/stocks-making-the-biggest-moves-midday-psky-dnut-kss-nvda.html — Retail investors skeptical about Nvidia's rally on earnings | 📈 Wall Street convinced Nvidia will rally on earnings, but retail investors are losing enthusiasm - https://www.cnbc.com/2025/08/27/street-convinced-nvidia-will-rally-on-earnings-retail-investors-skeptical.html — Analyst optimistic about China's rally potential | 📉 Wedbush's Dan Ives: Nvidia earnings another 'pop the champagne' moment - https://www.cnbc.com/video/2025/08/22/wedbushs-ives-nvidia-earnings-another-pop-the-champagne-moment.html — Trump's attempted Fed takeover impacting consumer rates"
2025-08-28,,,,21,📈 Bullish (Confidence: 0.73),nan,,,"📈 S&P 500 futures rise as Nvidia shares pare premarket losses: Live updates - https://www.cnbc.com/2025/08/27/stock-market-today-live-updates.html — S&P 500 futures rise and Nvidia shares recover | 📈 Lego hits record revenue in first half of 2025, boosted by brick flowers and cars - https://www.cnbc.com/2025/08/27/lego-first-half-2025-earnings-post-record-revenue.html — Lego hits record revenue in first half of 2025 | 📈 Breaking down Nvidia’s overnight comeback - https://www.cnbc.com/2025/08/28/breaking-down-nvidias-overnight-comeback.html — Positive sentiment around Nvidia's overnight comeback | 📈 'Xi Jinping is a tech bro': Analyst says China's rally has room to run - https://www.cnbc.com/video/2025/08/26/xi-jinping-is-a-tech-bro-analyst-says-chinas-rally-has-room-to-run.html — Analyst bullish on China's rally potential | 📈 Wedbush's Dan Ives: Nvidia earnings another 'pop the champagne' moment - https://www.cnbc.com/video/2025/08/22/wedbushs-ives-nvidia-earnings-another-pop-the-champagne-moment.html — Positive outlook on Nvidia's earnings | 📈 Stocks making the biggest moves premarket: Nvidia, Dollar General, Bath & Body Works, Snowflake, and... - https://www.cnbc.com/2025/08/28/stocks-making-the-biggest-moves-premarket-nvda-dg-bbwi-snow.html — Nvidia among stocks making big moves premarket | 📈 Here are Thursday's biggest analyst calls: Nvidia, Tesla, Wynn, Broadcom, FedEx, Five Below... - https://www.cnbc.com/2025/08/28/wall-street-analysts-calls-thursday-include-nvidia.html — Positive analyst calls for Nvidia"
2025-08-28,,,,15,📈 Bullish (Confidence: 0.76),nan,,,"📈 Lego hits record revenue in first half of 2025, boosted by brick flowers and cars - https://www.cnbc.com/2025/08/27/lego-first-half-2025-earnings-post-record-revenue.html — Lego hits record revenue | 📈 'Xi Jinping is a tech bro': Analyst says China's rally has room to run - https://www.cnbc.com/video/2025/08/26/xi-jinping-is-a-tech-bro-analyst-says-chinas-rally-has-room-to-run.html — Analyst positive on China's rally | 📈 Stocks making the biggest moves midday: Nvidia, Pure Storage, Snowflake, Hormel and more - https://www.cnbc.com/2025/08/28/stocks-making-the-biggest-moves-midday-nvda-pstg-snow-hrl.html — Positive movement in stocks like Nvidia and Snowflake | 📈 S&P 500 rises to record as Nvidia results validate AI boom: Live updates - https://www.cnbc.com/2025/08/27/stock-market-today-live-updates.html — S&P 500 rises to record on Nvidia results | 📈 Wedbush's Dan Ives: Nvidia earnings another 'pop the champagne' moment - https://www.cnbc.com/video/2025/08/22/wedbushs-ives-nvidia-earnings-another-pop-the-champagne-moment.html — Positive sentiment towards Nvidia earnings"
2025-08-29,,,,0,🔹 Neutral (Confidence: 0.72),nan,,,"📉 Stocks making the biggest moves premarket: Alibaba, Ulta, Dell Technologies, Caterpillar & more - https://www.cnbc.com/2025/08/29/stocks-making-the-biggest-moves-premarket-baba-ulta-dell-cat.html — Traders assessing new inflation data | 📈 Lego hits record revenue in first half of 2025, boosted by brick flowers and cars - https://www.cnbc.com/2025/08/27/lego-first-half-2025-earnings-post-record-revenue.html — Record revenue for Lego | 📈 'Xi Jinping is a tech bro': Analyst says China's rally has room to run - https://www.cnbc.com/video/2025/08/26/xi-jinping-is-a-tech-bro-analyst-says-chinas-rally-has-room-to-run.html — Analyst positive on China's rally | 📉 Fed's Waller, a candidate for chair, sees potential for half-point cut if labor market weakens... - https://www.cnbc.com/2025/08/29/feds-waller-a-candidate-for-chair-sees-potential-for-half-point-cut-if-labor-market-weakens-further.html — Potential for rate cut if labor market weakens | 📉 S&P 500 futures retreat from record as traders assess new inflation data into long weekend: Live... - https://www.cnbc.com/2025/08/28/stock-market-today-live-updates-.html — S&P 500 futures retreat from record | 📈 Wedbush's Dan Ives: Nvidia earnings another 'pop the champagne' moment - https://www.cnbc.com/video/2025/08/22/wedbushs-ives-nvidia-earnings-another-pop-the-champagne-moment.html — Positive outlook on Nvidia earnings"
2025-08-29,,6472.25,,-3,📉 Bearish (Confidence: 0.73),nan,,,"📉 S&P 500 retreats from record Friday, but heads for 4th winning month in a row: Live updates - https://www.cnbc.com/2025/08/28/stock-market-today-live-updates-.html — S&P 500 retreats from record high | 📈 Lego hits record revenue in first half of 2025, boosted by brick flowers and cars - https://www.cnbc.com/2025/08/27/lego-first-half-2025-earnings-post-record-revenue.html — Lego hits record revenue in first half of 2025 | 📉 'Xi Jinping is a tech bro': Analyst says China's rally has room to run - https://www.cnbc.com/video/2025/08/26/xi-jinping-is-a-tech-bro-analyst-says-chinas-rally-has-room-to-run.html — Analyst sees potential in China's rally"
2025-09-01,,,,6,📈 Bullish (Confidence: 0.73),nan,,,"📈 Lego hits record revenue in first half of 2025, boosted by brick flowers and cars - https://www.cnbc.com/2025/08/27/lego-first-half-2025-earnings-post-record-revenue.html — Lego hits record revenue | 🔹 Here's what it really means for Trump to get control of the Federal Reserve board - https://www.cnbc.com/2025/08/30/heres-what-it-really-means-for-trump-to-get-control-of-the-federal-reserve-board.html — Uncertain impact of Trump controlling the Federal Reserve board | 📈 'Xi Jinping is a tech bro': Analyst says China's rally has room to run - https://www.cnbc.com/video/2025/08/26/xi-jinping-is-a-tech-bro-analyst-says-chinas-rally-has-room-to-run.html — Analyst optimistic about China's rally"
2025-09-01,,,,6,📈 Bullish (Confidence: 0.6),nan,,,"📈 'Xi Jinping is a tech bro': Analyst says China's rally has room to run - https://www.cnbc.com/video/2025/08/26/xi-jinping-is-a-tech-bro-analyst-says-chinas-rally-has-room-to-run.html — Analyst bullish on China's rally potential | 📈 Lego hits record revenue in first half of 2025, boosted by brick flowers and cars - https://www.cnbc.com/2025/08/27/lego-first-half-2025-earnings-post-record-revenue.html — Lego's record revenue indicates strong performance | 🔹 Here's what it really means for Trump to get control of the Federal Reserve board - https://www.cnbc.com/2025/08/30/heres-what-it-really-means-for-trump-to-get-control-of-the-federal-reserve-board.html — Uncertain impact of Trump controlling the Federal Reserve board"
2025-09-02,,,,3,📈 Bullish (Confidence: 0.74),nan,,,"📉 Stocks making the biggest premarket moves: Kraft Heinz, PepsiCo, Biogen, Signet Jewelers and more - https://www.cnbc.com/2025/09/02/stocks-making-the-biggest-premarket-moves-.html — Premarket moves may indicate volatility | 📉 What should concern investors going into this typically tough month for markets - https://www.cnbc.com/2025/09/02/concerns-for-investors-entering-a-typically-tough-month-for-markets.html — Concerns about tough month for markets | 📈 'Xi Jinping is a tech bro': Analyst says China's rally has room to run - https://www.cnbc.com/video/2025/08/26/xi-jinping-is-a-tech-bro-analyst-says-chinas-rally-has-room-to-run.html — Analyst bullish on China's rally | 📈 Lego hits record revenue in first half of 2025, boosted by brick flowers and cars - https://www.cnbc.com/2025/08/27/lego-first-half-2025-earnings-post-record-revenue.html — Lego's record revenue is positive news | 📈 Treasury yields jump on prospect of U.S. having to refund tariff money; 30-year yield tops 4.98% - https://www.cnbc.com/2025/09/02/us-treasury-yields-investors-look-to-key-jobs-report.html — Yields jumping on tariff refund prospect may indicate positive economic outlook"
2025-09-02,,,,6,📈 Bullish (Confidence: 0.7),nan,,,"📉 Evercore ISI sets 2026 S&P 500 target at 7,750 on AI revolution lifting 'multiples and society to... - https://www.cnbc.com/2025/09/02/evercore-isi-sets-2026-sp-500-target-at-7750.html — Dow falls 500 points on tariff worries and rising bond yields | 📈 Bitcoin bucks stock market downtrend but lags gold rally - https://www.cnbc.com/2025/09/02/crypto-market-today.html — Evercore ISI sets bullish S&P 500 target on AI revolution | 🔹 Dow falls 500 points to kick off September on tariff worries, rising bond yields: Live updates - https://www.cnbc.com/2025/09/01/stock-market-today-live-updates.html — Bitcoin showing resilience compared to stock market but lagging behind gold rally | 📈 Lego hits record revenue in first half of 2025, boosted by brick flowers and cars - https://www.cnbc.com/2025/08/27/lego-first-half-2025-earnings-post-record-revenue.html — Lego hits record revenue in first half of 2025 | 📈 'Xi Jinping is a tech bro': Analyst says China's rally has room to run - https://www.cnbc.com/video/2025/08/26/xi-jinping-is-a-tech-bro-analyst-says-chinas-rally-has-room-to-run.html — Analyst optimistic about China's rally"
2025-09-03,,,,9,📈 Bullish (Confidence: 0.75),nan,,,"📈 'Xi Jinping is a tech bro': Analyst says China's rally has room to run - https://www.cnbc.com/video/2025/08/26/xi-jinping-is-a-tech-bro-analyst-says-chinas-rally-has-room-to-run.html — Analyst bullish on China's rally potential | 🔹 30-year Treasury yield tops 5% briefly as traders deal with tariff uncertainty, Fed independence... - https://www.cnbc.com/2025/09/03/us-treasury-yields-little-changed-as-markets-await-jobs-data.html — Treasury yield fluctuation due to uncertainty | 📈 Stocks making the biggest moves premarket: Alphabet, Macy's, Dollar Tree, Six Flags and more - https://www.cnbc.com/2025/09/03/stocks-making-biggest-moves-premarket-googl-m-dltr-fun-and-more.html — Positive premarket moves for stocks like Alphabet | 📈 S&P 500 futures rise after Google avoids harsh antitrust penalty: Live updates - https://www.cnbc.com/2025/09/02/stock-market-today-live-updates.html — S&P 500 futures rise after Google news"
2025-09-03,6429.89,,,3,📈 Bullish (Confidence: 0.8),nan,,,"📈 Stocks making the biggest moves midday: Alphabet, Bruker, Sprinklr, Dollar Tree and more - https://www.cnbc.com/2025/09/03/stocks-making-the-biggest-moves-midday-googl-brkr-cxm-dltr.html — Alphabet leading S&P 500 and Nasdaq rise | 📈 S&P 500 and Nasdaq rise, led by Alphabet after antitrust ruling: Live updates - https://www.cnbc.com/2025/09/02/stock-market-today-live-updates.html — Analyst bullish on China's rally potential | 📉 'Xi Jinping is a tech bro': Analyst says China's rally has room to run - https://www.cnbc.com/video/2025/08/26/xi-jinping-is-a-tech-bro-analyst-says-chinas-rally-has-room-to-run.html — Bank of America warning of Fed policy mistake"
2025-09-04,,,,-3,📉 Bearish (Confidence: 0.75),nan,,,"📉 10-year Treasury yield falls after weak private payrolls data - https://www.cnbc.com/2025/09/04/us-treasury-yields-investors-anticipate-further-jobs-data-.html — 10-year Treasury yield falls after weak private payrolls data | 🔹 Stocks making the biggest moves premarket: Salesforce, American Eagle, Hewlett Packard Enterprise... - https://www.cnbc.com/2025/09/04/stocks-making-the-biggest-moves-premarket-crm-aeo-hpe.html — Stocks making moves premarket"
2025-09-04,,,,3,📈 Bullish (Confidence: 0.67),nan,,,"📈 Major banks give big endorsements of gold on loss of Fed independence. Goldman sees upside to $4,000 - https://www.cnbc.com/2025/09/04/goldman-sachs-gold-federal-reserve-independence-trump-cook-miran.html — Major banks endorsing gold and predicting upside to $4,000 | 🔹 S&P 500 rises as traders brace for Friday's jobs report after weak ADP hiring data: Live updates - https://www.cnbc.com/2025/09/03/stock-market-today-live-updates.html — S&P 500 rising ahead of jobs report | 🔹 Stocks making the biggest moves midday: Gap, American Eagle, Salesforce, Figma & more - https://www.cnbc.com/2025/09/04/stocks-making-the-biggest-moves-midday-gap-aeo-crm-fig.html — Stocks making moves midday"
2025-09-05,,,14.82,0,🔹 Neutral (Confidence: 0.8),nan,,,"📉 Here are Friday's biggest analyst calls: Nvidia, Tesla, Broadcom, Oracle, FedEx, Alphabet, Goldman... - https://www.cnbc.com/2025/09/05/stocks-from-analyst-calls-friday-include-oracle-fedex-and-lululemon.html — 10-year Treasury yield slides to lowest level since April after weaker-than-expected jobs report | 📈 Stocks making the biggest moves premarket: Broadcom, Lululemon, Tesla and more - https://www.cnbc.com/2025/09/05/stocks-making-the-biggest-moves-premarket-avgo-lulu-tsla.html — S&P 500 futures gain on hope tepid jobs data will trigger Fed rate cut"
2025-09-05,,,,9,📈 Bullish (Confidence: 0.7),nan,,,"🔹 S&P 500 falls, giving up earlier gain, as traders balance economic worries with rate cut hopes: Live... - https://www.cnbc.com/2025/09/04/stock-market-today-live-updates-.html — Mixed sentiment due to economic worries and rate cut hopes | 📈 Here come the Fed rate cuts — and maybe a very big one - https://www.cnbc.com/2025/09/05/here-come-the-fed-rate-cuts-and-maybe-a-very-big-one.html — Expectation of Fed rate cuts, especially a big one | 📈 Stocks making the biggest moves midday: Broadcom, Quanex Building Products, Lululemon & more - https://www.cnbc.com/2025/09/05/stocks-making-the-biggest-moves-midday-avgo-nx-lulu.html — Positive stock movements midday | 🔹 Commerzbank CEO: focused on stand-alone strategy - https://www.cnbc.com/video/2025/09/03/commerzbank-ceo-focused-on-stand-alone-strategy.html — Neutral statement on stand-alone strategy | 📈 Bank of America now expects the Fed to cut rates after previously seeing no moves this year - https://www.cnbc.com/2025/09/05/bank-of-america-now-expects-the-fed-to-cut-rates-after-previously-seeing-no-moves-this-year.html — Bank of America now expects Fed rate cuts"
2025-09-08,,,,0,🔹 Neutral (Confidence: 0.62),nan,,,"🔹 Stocks making the biggest moves premarket: EchoStar, Robinhood, AppLovin, Alibaba and more - https://www.cnbc.com/2025/09/08/stocks-making-the-biggest-moves-premarket-sats-hood-app-baba.html — Mixed news on various stocks premarket | 🔹 Commerzbank CEO: focused on stand-alone strategy - https://www.cnbc.com/video/2025/09/03/commerzbank-ceo-focused-on-stand-alone-strategy.html — Neutral statement from Commerzbank CEO | 📉 Warren Buffett's public Kraft Heinz criticism is extremely unusual for the typically passive owner - https://www.cnbc.com/2025/09/06/warren-buffetts-public-kraft-heinz-criticism-is-extremely-unusual-for-the-typically-passive-owner.html — Negative sentiment towards Kraft Heinz due to Buffett's criticism | 📈 Nvidia's breakdown, dismal jobs report and other ills fail to slow down this bull market by much yet - https://www.cnbc.com/2025/09/06/nvidias-breakdown-dismal-jobs-report-and-other-ills-fail-to-slow-down-this-bull-market-by-much-yet.html — Bullish outlook despite challenges like Nvidia's breakdown and jobs report"
2025-09-08,6491.25,,15.25,0,🔹 Neutral (Confidence: 0.7),nan,,,"📈 Robinhood shares soar 14% after getting long-sought addition to S&P 500 - https://www.cnbc.com/2025/09/08/robinhood-shares-soar-14percent-after-getting-long-sought-addition-to-sp-500.html — Robinhood added to S&P 500 | 📉 Treasury yields fall as investors look toward key inflation data - https://www.cnbc.com/2025/09/08/treasury-yields-core-cpi-ppi.html — Investors cautious ahead of key inflation data | 📈 Nasdaq hits new record, S&P 500 rises ahead of inflation data this week: Live updates - https://www.cnbc.com/2025/09/07/stock-market-today-live-updates.html — Market hitting new records | 🔹 Commerzbank CEO: focused on stand-alone strategy - https://www.cnbc.com/video/2025/09/03/commerzbank-ceo-focused-on-stand-alone-strategy.html — No clear market impact | 📉 Worker confidence in finding a new job hits record low in New York Fed survey - https://www.cnbc.com/2025/09/08/worker-confidence-in-finding-a-new-job-hits-record-low-in-new-york-fed-survey.html — Record low worker confidence in job market"
2025-09-09,,,,6,📈 Bullish (Confidence: 0.6),nan,,,"📈 Stock futures tick higher as Nasdaq tries to build on record: Live updates - https://www.cnbc.com/2025/09/08/stock-market-today-live-updates.html — Stock futures ticking higher and Nasdaq aiming to build on record | 🔹 Commerzbank CEO: focused on stand-alone strategy - https://www.cnbc.com/video/2025/09/03/commerzbank-ceo-focused-on-stand-alone-strategy.html — Commerzbank CEO focused on stand-alone strategy | 📈 Stocks making the biggest moves premarket: Fox, Apple, Nebius Group, Dell Technologies and more - https://www.cnbc.com/2025/09/09/stocks-making-the-biggest-moves-premarket-fox-aapl-nbius-dell-.html — Stocks making big moves premarket"
2025-09-09,6499.45,6507.0,,-6,📉 Bearish (Confidence: 0.68),nan,,,"📉 Stocks making the biggest moves midday: UnitedHealth, Kingsoft Cloud, Brighthouse Financial & more - https://www.cnbc.com/2025/09/09/stocks-making-the-biggest-moves-midday-unh-kc-bhf.html — Economic uncertainty impacting Nasdaq | 📉 S&P 500 little changed, Nasdaq falls from record as traders deal with economic uncertainty: Live... - https://www.cnbc.com/2025/09/08/stock-market-today-live-updates.html — Job growth revision signaling shakier economy | 🔹 Job growth revised down by 911,000 through March, signaling economy on shakier footing than realized - https://www.cnbc.com/2025/09/09/jobs-report-revisions-september-2025-.html — S&P 500 little changed | 🔹 Stocks set to make a big move after CPI hits — How JPMorgan sees it playing out - https://www.cnbc.com/2025/09/09/stocks-set-to-make-a-big-move-after-cpi-hits-how-jpmorgan-sees-it-playing-out.html — CPI impact on stocks uncertain"
2025-09-10,,,,3,📈 Bullish (Confidence: 0.9),nan,,,"📈 S&P 500 futures jump after encouraging inflation update, Oracle stock surge: Live updates - https://www.cnbc.com/2025/09/09/stock-market-today-live-updates.html — S&P 500 futures jump and Oracle stock surge"
2025-09-10,6532.34,6543.0,14.96,0,🔹 Neutral (Confidence: 0.73),nan,,,"📉 JPMorgan equity strategist warns of 8% pullback, suggests hedging CPI release - https://www.cnbc.com/2025/09/10/jpmorgan-equity-strategist-warns-of-8percent-pullback-suggests-hedging-cpi-release.html — JPMorgan strategist warns of 8% pullback | 📈 Relentless bull market, booming AI, inflation threat — Learn the best 2026 strategies at Pro Live - https://www.cnbc.com/2025/09/10/relentless-bull-market-booming-ai-inflation-threat-learn-the-best-2026-strategies-at-pro-live.html — Encouraging inflation reading and S&P 500 record jump | 🔹 S&P 500 jumps to new record on encouraging inflation reading, Oracle stock surge: Live updates - https://www.cnbc.com/2025/09/09/stock-market-today-live-updates.html — Neutral statement from Wells Fargo CEO regarding Trump and the Fed"
2025-09-11,,,14.75,6,📈 Bullish (Confidence: 0.7),nan,,,"📈 Stock futures gain as traders bet August inflation increase won't derail Fed rate cut next week:... - https://www.cnbc.com/2025/09/10/stock-market-today-live-updates.html — Traders betting on Fed rate cut despite inflation increase | 📉 Consumer prices rose at annual rate of 2.9% in August, as weekly jobless claims jump - https://www.cnbc.com/2025/09/11/consumer-prices-rose-at-annual-rate-of-2point9percent-in-august-as-weekly-jobless-claims-jump.html — Consumer prices rose at an annual rate of 2.9% in August | 🔹 Building the future of care: How Ping An is transforming insurance in China - https://www.cnbc.com/video/2025/09/10/how-ping-an-is-transforming-insurance-in-china.html — Information on Ping An transforming insurance in China | 📈 Stocks making the biggest premarket moves: Klarna, Oracle, Opendoor, Oxford and more - https://www.cnbc.com/2025/09/11/stocks-making-the-biggest-premarket-moves-.html — Stocks making big premarket moves | 📈 Relentless bull market, booming AI, inflation threat — Learn the best 2026 strategies at Pro Live - https://www.cnbc.com/2025/09/10/relentless-bull-market-booming-ai-inflation-threat-learn-the-best-2026-strategies-at-pro-live.html — Promotion of learning strategies for 2026 in a bullish market"
2025-09-11,,,,6,📈 Bullish (Confidence: 0.65),nan,,,"📈 Relentless bull market, booming AI, inflation threat — Learn the best 2026 strategies at Pro Live - https://www.cnbc.com/2025/09/10/relentless-bull-market-booming-ai-inflation-threat-learn-the-best-2026-strategies-at-pro-live.html — Bull market and AI boom expected to continue | 📈 Dow jumps 500 points to record as August inflation increase likely won't derail Fed rate cut: Live... - https://www.cnbc.com/2025/09/10/stock-market-today-live-updates.html — Dow jumps to record high despite inflation concerns | 📈 Building the future of care: How Ping An is transforming insurance in China - https://www.cnbc.com/video/2025/09/10/how-ping-an-is-transforming-insurance-in-china.html — Positive outlook on Ping An transforming insurance in China | 📉 Stocks making the biggest moves midday: Delta Air Lines, Revolution Medicines, Centene and more - https://www.cnbc.com/2025/09/11/stocks-making-the-biggest-moves-midday-dal-rvmd-cnc.html — Mixed movements in stocks, some positive and some negative"
2025-09-12,6587.47,,,12,📈 Bullish (Confidence: 0.75),nan,,,"📈 Stocks making the biggest moves after hours: Adobe, RH, Super Micro Computer & more - https://www.cnbc.com/2025/09/11/stocks-making-the-biggest-moves-after-hours-adobe-rh-super-micro-computer-more.html — Positive movement after hours for Adobe, RH, and Super Micro Computer | 📈 Relentless bull market, booming AI, inflation threat — Learn the best 2026 strategies at Pro Live - https://www.cnbc.com/2025/09/10/relentless-bull-market-booming-ai-inflation-threat-learn-the-best-2026-strategies-at-pro-live.html — Positive outlook for 2026 strategies in a bullish market | 📈 Building the future of care: How Ping An is transforming insurance in China - https://www.cnbc.com/video/2025/09/10/how-ping-an-is-transforming-insurance-in-china.html — Positive transformation in insurance industry by Ping An | 📈 Stocks making the biggest premarket moves: Super Micro Computer, Warner Bros. Discovery, Adobe and... - https://www.cnbc.com/2025/09/12/stocks-making-the-biggest-premarket-moves-.html — Positive premarket moves for Super Micro Computer, Warner Bros. Discovery, and Adobe"
2025-09-12,,,,9,📈 Bullish (Confidence: 0.73),nan,,,"📈 Relentless bull market, booming AI, inflation threat — Learn the best 2026 strategies at Pro Live - https://www.cnbc.com/2025/09/10/relentless-bull-market-booming-ai-inflation-threat-learn-the-best-2026-strategies-at-pro-live.html — Bull market and record Nasdaq | 📈 Building the future of care: How Ping An is transforming insurance in China - https://www.cnbc.com/video/2025/09/10/how-ping-an-is-transforming-insurance-in-china.html — Positive market performance | 📈 Nasdaq hits record, S&P 500 heads for winning week as Fed decision looms: Live updates - https://www.cnbc.com/2025/09/11/stock-market-today-live-updates.html — Stocks making big moves midday"
2025-09-15,,,,6,📈 Bullish (Confidence: 0.7),bearish,6615.31,0.0,"📈 Building the future of care: How Ping An is transforming insurance in China - https://www.cnbc.com/video/2025/09/10/how-ping-an-is-transforming-insurance-in-china.html — Ping An transforming insurance in China | 📈 Relentless bull market, booming AI, inflation threat — Learn the best 2026 strategies at Pro Live - https://www.cnbc.com/2025/09/10/relentless-bull-market-booming-ai-inflation-threat-learn-the-best-2026-strategies-at-pro-live.html — Positive outlook on market strategies and AI | 🔹 Stocks making the biggest premarket moves: Tesla, Nvidia, Gemini, Texas Instruments and more - https://www.cnbc.com/2025/09/15/stocks-making-the-biggest-premarket-moves-.html — Mentions premarket moves without clear direction"
2025-09-15,,,,0,🔹 Neutral (Confidence: 0.8),bearish,6615.31,0.0,"📈 Stocks making the biggest moves midday: Tesla, Alaska Air, Texas Instruments, Western Digital and... - https://www.cnbc.com/2025/09/15/stocks-making-the-big-premarket-moves-tsla-alk-txn-and-more.html — Positive comments on China trade talks and gain in Tesla | 📉 Relentless bull market, booming AI, inflation threat — Learn the best 2026 strategies at Pro Live - https://www.cnbc.com/2025/09/10/relentless-bull-market-booming-ai-inflation-threat-learn-the-best-2026-strategies-at-pro-live.html — CEO mentioning U.S. tariffs as 'very painful'"
2025-09-16,,,,3,📈 Bullish (Confidence: 0.75),bearish,6611.8,0.0,"📈 Bessent sees trade deal likely with China before November deadline on reciprocal tariffs - https://www.cnbc.com/2025/09/16/bessent-sees-trade-deal-likely-with-china-before-november-deadline-on-reciprocal-tariffs.html — Trade deal likely with China before November deadline | 📉 Thermoplan CEO: U.S. tariffs are 'very painful' - https://www.cnbc.com/video/2025/09/15/thermoplan-ceo-u-s-tariffs-very-painful.html — CEO mentions U.S. tariffs are 'very painful' | 📈 Trump's Fed pressure campaign will lead to higher inflation, weaker growth, according to CNBC survey - https://www.cnbc.com/2025/09/16/trumps-fed-pressure-campaign-will-lead-to-higher-inflation-weaker-growth-according-to-cnbc-survey.html — Bull market and AI boom expected | 🔹 Relentless bull market, booming AI, inflation threat — Learn the best 2026 strategies at Pro Live - https://www.cnbc.com/2025/09/10/relentless-bull-market-booming-ai-inflation-threat-learn-the-best-2026-strategies-at-pro-live.html — Mixed sentiment in premarket moves"
2025-09-16,,,,6,📈 Bullish (Confidence: 0.62),bearish,6611.8,0.0,"📈 Investors head into the Fed decision at their most bullish since February - https://www.cnbc.com/2025/09/16/investors-head-into-the-fed-decision-at-their-most-bullish-since-february.html — Investors bullish ahead of Fed decision | 🔹 S&P 500 slips from record as investors take some money off the table ahead of Fed decision: Live... - https://www.cnbc.com/2025/09/15/stock-market-today-live-updates.html — S&P 500 slips, mixed sentiment ahead of Fed decision | 📈 Relentless bull market, booming AI, inflation threat — Learn the best 2026 strategies at Pro Live - https://www.cnbc.com/2025/09/10/relentless-bull-market-booming-ai-inflation-threat-learn-the-best-2026-strategies-at-pro-live.html — Positive outlook on market strategies at Pro Live | 🔹 Stocks making the biggest moves midday: Webtoon Entertainment, Steel Dynamics, Hims & Hers and more - https://www.cnbc.com/2025/09/16/stocks-making-the-biggest-moves-midday-wbtn-stld-hims.html — Mixed moves in midday stocks | 🔉 Thermoplan CEO: U.S. tariffs are 'very painful' - https://www.cnbc.com/video/2025/09/15/thermoplan-ceo-u-s-tariffs-very-painful.html — Negative sentiment due to U.S. tariffs impact on Thermoplan CEO"
2025-09-17,,,,3,📈 Bullish (Confidence: 0.57),bearish,6600.43,0.0,"📈 Relentless bull market, booming AI, inflation threat — Learn the best 2026 strategies at Pro Live - https://www.cnbc.com/2025/09/10/relentless-bull-market-booming-ai-inflation-threat-learn-the-best-2026-strategies-at-pro-live.html — Bull market and AI growth prospects | 🔹 Stock futures are little changed as traders await key Fed rate outlook: Live updates - https://www.cnbc.com/2025/09/16/stock-market-today-live-updates.html — Awaiting Fed rate outlook | 📉 Thermoplan CEO: U.S. tariffs are 'very painful' - https://www.cnbc.com/video/2025/09/15/thermoplan-ceo-u-s-tariffs-very-painful.html — Negative impact of U.S. tariffs | 🔹 Stocks making the biggest moves premarket: Nvidia, Alibaba, Workday, Netflix and more - https://www.cnbc.com/2025/09/17/stocks-making-the-biggest-moves-premarket-nvda-baba-wday-nflx.html — Premarket movements not indicating clear direction | 📈 Longtime value investor Bill Nygren finds cheap stocks outside the 'Mag 7' - https://www.cnbc.com/2025/09/16/longtime-value-investor-bill-nygren-finds-cheap-stocks-outside-the-mag-7.html — Finding cheap stocks outside popular choices | 🔹 Sticky UK inflation unlikely to move the needle for Bank of England - https://www.cnbc.com/2025/09/17/uk-inflation-data-for-august-2025.html — UK inflation data not expected to have significant impact"
2025-09-17,,,,6,📈 Bullish (Confidence: 0.7),bearish,6600.43,0.0,"📉 Thermoplan CEO: U.S. tariffs are 'very painful' - https://www.cnbc.com/video/2025/09/15/thermoplan-ceo-u-s-tariffs-very-painful.html — Negative impact of U.S. tariffs on company | 🔹 Sticky UK inflation unlikely to move the needle for Bank of England - https://www.cnbc.com/2025/09/17/uk-inflation-data-for-august-2025.html — UK inflation data unlikely to impact Bank of England | 📈 Longtime value investor Bill Nygren finds cheap stocks outside the 'Mag 7' - https://www.cnbc.com/2025/09/16/longtime-value-investor-bill-nygren-finds-cheap-stocks-outside-the-mag-7.html — Value investor finding cheap stocks positive | 🔹 Stocks making the biggest moves midday: Lyft, Walmart, Nvidia, Baidu & more - https://www.cnbc.com/2025/09/17/stocks-making-the-biggest-moves-midday-lyft-wmt-baba-bidu.html — Mixed movements in various stocks midday | 📈 Relentless bull market, booming AI, inflation threat — Learn the best 2026 strategies at Pro Live - https://www.cnbc.com/2025/09/10/relentless-bull-market-booming-ai-inflation-threat-learn-the-best-2026-strategies-at-pro-live.html — Positive outlook for 2026 strategies | 📈 S&P 500 is little changed, Dow adds 300 points ahead of Fed rate decision and outlook: Live updates - https://www.cnbc.com/2025/09/16/stock-market-today-live-updates.html — Dow adding points ahead of Fed rate decision"
2025-09-18,,,,9,📈 Bullish (Confidence: 0.68),nan,,,"📈 Hassett says Fed made 'prudent call,' signaling White House OK with quarter-point cut - https://www.cnbc.com/2025/09/18/hassett-says-fed-made-prudent-call-signaling-white-house-ok-with-quarter-point-cut.html — White House OK with rate cut | 📈 Stock futures climb as investors jump back into tech post-fed; Intel and Nvidia lead gains: Live... - https://www.cnbc.com/2025/09/17/stock-market-today-live-updates.html — Investors back into tech post-fed | 🔹 Sticky UK inflation unlikely to move the needle for Bank of England - https://www.cnbc.com/2025/09/17/uk-inflation-data-for-august-2025.html — UK inflation unlikely to impact BoE | 📈 Stocks making the biggest premarket moves: Intel, Novo Nordisk, Bullish, Cracker Barrel and more - https://www.cnbc.com/2025/09/18/stocks-making-the-biggest-premarket-moves-intc-nvda-nvo-blsh-cbrl.html — Stocks making premarket gains | 📈 Relentless bull market, booming AI, inflation threat — Learn the best 2026 strategies at Pro Live - https://www.cnbc.com/2025/09/10/relentless-bull-market-booming-ai-inflation-threat-learn-the-best-2026-strategies-at-pro-live.html — Positive outlook for 2026 strategies | 📉 Thermoplan CEO: U.S. tariffs are 'very painful' - https://www.cnbc.com/video/2025/09/15/thermoplan-ceo-u-s-tariffs-very-painful.html — Negative impact of U.S. tariffs"
2025-09-18,,,,6,📈 Bullish (Confidence: 0.74),nan,,,"🔹 Sticky UK inflation unlikely to move the needle for Bank of England - https://www.cnbc.com/2025/09/17/uk-inflation-data-for-august-2025.html — Sticky UK inflation not expected to impact Bank of England | 📈 Hassett says Fed made 'prudent call,' signaling White House OK with quarter-point cut - https://www.cnbc.com/2025/09/18/hassett-says-fed-made-prudent-call-signaling-white-house-ok-with-quarter-point-cut.html — White House signals approval of Fed quarter-point cut | 📈 David Tepper says don't fight the Fed, and investors don't plan to - https://www.cnbc.com/2025/09/18/david-tepper-says-dont-fight-the-fed-and-investors-dont-plan-to.html — Investors following advice not to fight the Fed | 📉 Thermoplan CEO: U.S. tariffs are 'very painful' - https://www.cnbc.com/video/2025/09/15/thermoplan-ceo-u-s-tariffs-very-painful.html — Negative impact of U.S. tariffs highlighted by Thermoplan CEO | 📈 Relentless bull market, booming AI, inflation threat — Learn the best 2026 strategies at Pro Live - https://www.cnbc.com/2025/09/10/relentless-bull-market-booming-ai-inflation-threat-learn-the-best-2026-strategies-at-pro-live.html — Positive outlook for S&P 500 after rate cut and potential record close for Russell"
2025-09-19,,,,3,📈 Bullish (Confidence: 0.65),nan,,,"📈 Stocks making the biggest premarket moves: FedEx, Intel, Lennar, Apple and more - https://www.cnbc.com/2025/09/19/stocks-making-the-biggest-premarket-moves-fdx-intc-len-aapl.html — Fed's Kashkari advocating for rate cuts | 📉 Thermoplan CEO: U.S. tariffs are 'very painful' - https://www.cnbc.com/video/2025/09/15/thermoplan-ceo-u-s-tariffs-very-painful.html — Thermoplan CEO expressing pain from U.S. tariffs | 📈 Fed's Kashkari advocates two more rate cuts this year as he sees limited tariff impact on inflation - https://www.cnbc.com/2025/09/19/kashkari-advocates-two-more-rate-cuts-this-year-as-he-sees-limited-tariff-impact-on-inflation.html — Positive outlook on rate cuts by Fed's Kashkari | 🔹 Relentless bull market, booming AI, inflation threat — Learn the best 2026 strategies at Pro Live - https://www.cnbc.com/2025/09/10/relentless-bull-market-booming-ai-inflation-threat-learn-the-best-2026-strategies-at-pro-live.html — General information on market trends and strategies"
2025-09-19,6652.32,,,9,📈 Bullish (Confidence: 0.68),nan,,,"📈 Stocks making the biggest premarket moves: FedEx, Intel, Lennar, Apple and more - https://www.cnbc.com/2025/09/19/stocks-making-the-biggest-premarket-moves-fdx-intc-len-aapl.html — S&P 500 adds big gains following Fed rate cut | 📈 Relentless bull market, booming AI, inflation threat — Learn the best 2026 strategies at Pro Live - https://www.cnbc.com/2025/09/10/relentless-bull-market-booming-ai-inflation-threat-learn-the-best-2026-strategies-at-pro-live.html — Relentless bull market and booming AI trends | 📈 S&P 500 adds to big gains for week following Fed rate cut: Live updates - https://www.cnbc.com/2025/09/18/stock-market-today-live-updates.html — Potential market bubble with Fed actions | 🔹 The Fed may reignite a market bubble. How the 'Mag 7' stack up to past Wall Street speculative... - https://www.cnbc.com/2025/09/19/how-the-mag-7-stack-up-to-past-wall-street-speculative-frenzies.html — U.S. tariffs causing concerns for Thermoplan CEO"
2025-09-22,6664.36,6704.0,16.05,-3,📉 Bearish (Confidence: 0.8),nan,,,"📉 Stocks making the biggest premarket moves: Metsera, Compass, Kenvue, Fox and more - https://www.cnbc.com/2025/09/22/stocks-making-the-biggest-premarket-moves-mtsr-comp-kvue-foxa.html — Stock futures fall at the start of the week | 📉 Stock futures fall to start the week after Dow, S&P 500 hit fresh records: Live updates - https://www.cnbc.com/2025/09/21/stock-market-today-live-updates.html — CEO mentioning U.S. tariffs as 'very painful' | 📈 Thermoplan CEO: U.S. tariffs are 'very painful' - https://www.cnbc.com/video/2025/09/15/thermoplan-ceo-u-s-tariffs-very-painful.html — Promotion of learning best 2026 strategies in a relentless bull market and booming AI environment"
2025-09-22,,,,6,📈 Bullish (Confidence: 0.7),nan,,,"📈 S&P 500 scales to fresh record high as new week of trading begins: Live updates - https://www.cnbc.com/2025/09/21/stock-market-today-live-updates.html — S&P 500 hitting record high | 📈 Fed Governor Stephen Miran pushes case for central bank to slash key interest rate - https://www.cnbc.com/2025/09/22/fed-governor-stephen-miran-pushes-case-for-central-bank-to-slash-key-interest-rate.html — Fed Governor advocating for rate cuts | 📉 Thermoplan CEO: U.S. tariffs are 'very painful' - https://www.cnbc.com/video/2025/09/15/thermoplan-ceo-u-s-tariffs-very-painful.html — CEO expressing concerns over U.S. tariffs | 🔹 Stocks making the biggest moves midday: Oracle, Apple, Metsera, Compass, Kenvue and more - https://www.cnbc.com/2025/09/22/stocks-making-the-biggest-midday-moves-orcl-aapl-mtsr-comp-kvue-and-more.html — Mixed movements in stocks midday | 📈 Relentless bull market, booming AI, inflation threat — Learn the best 2026 strategies at Pro Live - https://www.cnbc.com/2025/09/10/relentless-bull-market-booming-ai-inflation-threat-learn-the-best-2026-strategies-at-pro-live.html — Promotion of strategies for a relentless bull market"
2025-09-23,,,,0,🔹 Neutral (Confidence: 0.6),nan,,,"🔹 Chicago Fed President Goolsbee says officials have to be careful not to get too aggressive with rate... - https://www.cnbc.com/2025/09/23/chicago-fed-president-goolsbee-says-officials-have-to-be-careful-not-to-get-too-aggressive-with-rate-cuts.html — Mixed sentiment from Chicago Fed President on rate cuts | 🔹 Stocks making the biggest moves premarket: Firefly Aerospace, AutoZone, Kenvue & more - https://www.cnbc.com/2025/09/23/stocks-making-the-biggest-moves-premarket-fly-azo-kvue.html — Premarket moves indicate neutral sentiment | 📉 Thermoplan CEO: U.S. tariffs are 'very painful' - https://www.cnbc.com/video/2025/09/15/thermoplan-ceo-u-s-tariffs-very-painful.html — Negative sentiment due to 'very painful' U.S. tariffs | 📈 Relentless bull market, booming AI, inflation threat — Learn the best 2026 strategies at Pro Live - https://www.cnbc.com/2025/09/10/relentless-bull-market-booming-ai-inflation-threat-learn-the-best-2026-strategies-at-pro-live.html — Positive sentiment about strategies in a relentless bull market | 🔹 Stock futures are little changed after 3-day win streak for S&P 500: Live updates - https://www.cnbc.com/2025/09/22/stock-market-today-live-updates.html — Neutral sentiment with little change in stock futures after win streak"
2025-09-23,,,,3,📈 Bullish (Confidence: 0.7),nan,,,"📈 Watch Fed Chair Jerome Powell speak live on interest rates and the economy - https://www.cnbc.com/2025/09/23/watch-fed-chair-jerome-powell-speak-live-on-interest-rates-and-the-economy.html — Interest rates and economy discussion by Fed Chair Powell | 📈 Stocks making the biggest moves midday: Firefly Aerospace, AutoZone, Sempra, Halliburton & more - https://www.cnbc.com/2025/09/23/stocks-making-the-biggest-moves-midday-fly-azo-sre-hal.html — Positive stock moves midday | 📉 Young adults embrace 'financial nihilism' with risky crypto, stock bets as American dream feels... - https://www.cnbc.com/2025/09/23/young-people-crypto-meme-stocks-options-risk-financial-nihilism.html — Risky behavior in young adults with crypto and stocks | 📈 Relentless bull market, booming AI, inflation threat — Learn the best 2026 strategies at Pro Live - https://www.cnbc.com/2025/09/10/relentless-bull-market-booming-ai-inflation-threat-learn-the-best-2026-strategies-at-pro-live.html — Positive outlook on strategies in a relentless bull market | 📉 Thermoplan CEO: U.S. tariffs are 'very painful' - https://www.cnbc.com/video/2025/09/15/thermoplan-ceo-u-s-tariffs-very-painful.html — Negative impact of U.S. tariffs on Thermoplan CEO"
2025-09-24,,,,-3,📉 Bearish (Confidence: 0.7),bearish,6637.99,1.0,"📉 Thermoplan CEO: U.S. tariffs are 'very painful' - https://www.cnbc.com/video/2025/09/15/thermoplan-ceo-u-s-tariffs-very-painful.html — Negative impact of U.S. tariffs on company | 🔹 Stocks making the biggest moves premarket: Alibaba, Micron, Lithium Americas, Oracle and more - https://www.cnbc.com/2025/09/24/stocks-making-the-biggest-moves-premarket-alibaba-millerknoll-oracle-and-more.html — Mixed movements in premarket stocks | 🔹 Treasury yields are little changed as investors await further economic data - https://www.cnbc.com/2025/09/24/us-treasury-yields-investors-await-further-economic-data-.html — Yields little changed, awaiting economic data | 📈 Relentless bull market, booming AI, inflation threat — Learn the best 2026 strategies at Pro Live - https://www.cnbc.com/2025/09/10/relentless-bull-market-booming-ai-inflation-threat-learn-the-best-2026-strategies-at-pro-live.html — Positive outlook on market strategies | 📉 Fed Chair Powell just had his 'irrational exuberance' moment, Ed Yardeni says - https://www.cnbc.com/2025/09/24/fed-chair-powell-just-had-his-irrational-exuberance-moment-ed-yardeni-says.html — Comparison to 'irrational exuberance' signaling caution"
2025-09-24,,,,-6,📉 Bearish (Confidence: 0.7),bearish,6637.99,1.0,"📉 Stocks dip for a second day as investors continue selling AI plays Nvidia and Oracle: Live updates - https://www.cnbc.com/2025/09/23/stock-market-today-live-updates.html — Investors selling AI plays Nvidia and Oracle | 📉 Don't count out a pullback in the fourth quarter, strategist says - https://www.cnbc.com/2025/09/24/dont-count-out-a-pullback-in-the-fourth-quarter-strategist-says.html — Warning about a potential pullback in the fourth quarter | 📈 Relentless bull market, booming AI, inflation threat — Learn the best 2026 strategies at Pro Live - https://www.cnbc.com/2025/09/10/relentless-bull-market-booming-ai-inflation-threat-learn-the-best-2026-strategies-at-pro-live.html — Promotion of strategies for the bullish market and AI growth | 📉 Thermoplan CEO: U.S. tariffs are 'very painful' - https://www.cnbc.com/video/2025/09/15/thermoplan-ceo-u-s-tariffs-very-painful.html — Negative impact of U.S. tariffs on Thermoplan CEO | 🔹 Stocks making the biggest moves midday: Alibaba, Lithium Americas, Freeport-McMoRan, UniQure and... - https://www.cnbc.com/2025/09/24/stocks-making-the-biggest-moves-midday-baba-lac-qure-and-more.html — Neutral news about stocks making moves midday"
2025-09-25,,6655.25,17.27,0,🔹 Neutral (Confidence: 0.74),bearish,6604.8,0.0,"📉 Thermoplan CEO: U.S. tariffs are 'very painful' - https://www.cnbc.com/video/2025/09/15/thermoplan-ceo-u-s-tariffs-very-painful.html — Negative impact of U.S. tariffs on company | 🔹 Stocks making the biggest premarket moves: Intel, Oracle, Lithium Americas, Opendoor and more - https://www.cnbc.com/2025/09/25/stocks-making-the-biggest-premarket-moves-intc-orcl-lac-open.html — Mixed movements in premarket, no clear trend | 📈 Relentless bull market, booming AI, inflation threat — Learn the best 2026 strategies at Pro Live - https://www.cnbc.com/2025/09/10/relentless-bull-market-booming-ai-inflation-threat-learn-the-best-2026-strategies-at-pro-live.html — Positive outlook for strategies in bull market and AI | 📉 S&P 500 futures decline for a third day as once-hot AI play Oracle falls, yields increase: Live... - https://www.cnbc.com/2025/09/24/stock-market-today-live-updates.html — S&P 500 futures decline, negative impact on Oracle | 📈 10-year Treasury yield jumps after solid jobs data, big GDP revision - https://www.cnbc.com/2025/09/25/us-treasury-yields-investors-await-key-jobs-data-.html — Positive reaction to solid jobs data and GDP revision"
2025-09-25,,6668.25,16.63,-6,📉 Bearish (Confidence: 0.8),bearish,6604.8,1.0,"📉 Relentless bull market, booming AI, inflation threat — Learn the best 2026 strategies at Pro Live - https://www.cnbc.com/2025/09/10/relentless-bull-market-booming-ai-inflation-threat-learn-the-best-2026-strategies-at-pro-live.html — Ken Griffin warns of more tariff impact on inflation | 📉 Ken Griffin say more tariff impact on inflation is still ahead, Fed should be independent - https://www.cnbc.com/2025/09/25/ken-griffin-say-more-tariff-impact-on-inflation-is-still-ahead-fed-should-be-independent.html — Thermoplan CEO describes U.S. tariffs as 'very painful'"
2025-09-26,,,,0,🔹 Neutral (Confidence: 0.6),bearish,6643.7,0.0,"📈 Stocks making the biggest premarket moves: Paccar, Intel, RH, Riot Platforms and more - https://www.cnbc.com/2025/09/26/stocks-making-big-premarket-moves-paccar-intel-rh-riot-platforms-and-more.html — Stock futures rise after in-line PCE inflation report | 📉 Stock futures rise after in-line PCE inflation report: Live updates - https://www.cnbc.com/2025/09/25/stock-market-today-live-updates.html — CEO mentions U.S. tariffs are 'very painful' | 🔹 Core inflation rate held at 2.9% in August, as expected, Fed’s gauge shows - https://www.cnbc.com/2025/09/26/pce-inflation-august-2025.html — Mixed signals from headlines, no clear direction"
2025-09-26,,,,0,🔹 Neutral (Confidence: 0.65),bearish,6643.7,0.0,"📉 October rate cut is still a go after OK inflation report, but after that is unclear - https://www.cnbc.com/2025/09/26/october-rate-cut-is-still-a-go-after-ok-inflation-report-but-after-that-is-unclear.html — Uncertainty after October rate cut | 📈 Relentless bull market, booming AI, inflation threat — Learn the best 2026 strategies at Pro Live - https://www.cnbc.com/2025/09/10/relentless-bull-market-booming-ai-inflation-threat-learn-the-best-2026-strategies-at-pro-live.html — Positive outlook on market and AI | 📈 Dow rises 300 points after in-line PCE inflation report: Live updates - https://www.cnbc.com/2025/09/25/stock-market-today-live-updates.html — Market reacts positively to in-line PCE inflation report | 🔹 How does the U.S. stock market typically react to a government shutdown? - https://www.cnbc.com/2025/09/26/market-reaction-past-government-shutdow.html — Neutral question about market reaction to government shutdown | 🔹 Barclays CEO double downs on U.K. despite bank tax risk - https://www.cnbc.com/2025/09/26/barclays-ceo-double-downs-on-uk-despite-bank-tax-risk.html — Neutral stance on Barclays CEO's decision despite risks | 📉 Thermoplan CEO: U.S. tariffs are 'very painful' - https://www.cnbc.com/video/2025/09/15/thermoplan-ceo-u-s-tariffs-very-painful.html — Negative impact of U.S. tariffs on Thermoplan CEO"
2025-09-29,,,,6,📈 Bullish (Confidence: 0.7),bearish,6661.21,0.0,"📈 Stocks making the biggest premarket moves: Electronic Arts, Novo Nordisk, Lam Research, Oracle &... - https://www.cnbc.com/2025/09/29/stocks-making-the-biggest-premarket-moves-ea-nvo-lrcx-orcl.html — Stocks making big premarket moves | 📉 Thermoplan CEO: U.S. tariffs are 'very painful' - https://www.cnbc.com/video/2025/09/15/thermoplan-ceo-u-s-tariffs-very-painful.html — Negative impact of U.S. tariffs | 📈 Deutsche Boerse CEO: AI is a real accelerator - https://www.cnbc.com/video/2025/09/29/a-i-is-allowing-clients-to-make-decisions-quicker-than-before-deutsche-boerse-ceo.html — Positive outlook on AI | 🔹 How the stock market does after Federal Reserve chairs warn of high stock prices - https://www.cnbc.com/2025/09/29/how-the-stock-market-does-after-fed-chairs-warn-of-high-stock-prices.html — Uncertain impact of Fed chairs' warnings | 📈 Relentless bull market, booming AI, inflation threat — Learn the best 2026 strategies at Pro Live - https://www.cnbc.com/2025/09/10/relentless-bull-market-booming-ai-inflation-threat-learn-the-best-2026-strategies-at-pro-live.html — Promising strategies for 2026"
2025-09-29,,,,6,📈 Bullish (Confidence: 0.66),bearish,6661.21,0.0,"📈 Deutsche Boerse CEO: AI is a real accelerator - https://www.cnbc.com/video/2025/09/29/a-i-is-allowing-clients-to-make-decisions-quicker-than-before-deutsche-boerse-ceo.html — Positive sentiment towards AI accelerating decision-making | 📉 How the stock market does after Federal Reserve chairs warn of high valuations - https://www.cnbc.com/2025/09/29/how-the-stock-market-does-after-fed-chairs-warn-of-high-stock-prices.html — Warning from Federal Reserve chairs about high valuations may lead to bearish sentiment | 🔹 Fed's Hammack: Challenging time for monetary policy - https://www.cnbc.com/video/2025/09/29/feds-hammack-challenging-time-for-monetary-policy.html — Neutral sentiment due to the challenging time for monetary policy | 📈 Relentless bull market, booming AI, inflation threat — Learn the best 2026 strategies at Pro Live - https://www.cnbc.com/2025/09/10/relentless-bull-market-booming-ai-inflation-threat-learn-the-best-2026-strategies-at-pro-live.html — Positive outlook for 2026 strategies in a relentless bull market and booming AI environment | 📉 Thermoplan CEO: U.S. tariffs are 'very painful' - https://www.cnbc.com/video/2025/09/15/thermoplan-ceo-u-s-tariffs-very-painful.html — Negative sentiment towards U.S. tariffs being 'very painful' | 📈 Stocks making the biggest moves midday: CSX, Electronic Arts, Pony AI, Merus & more - https://www.cnbc.com/2025/09/29/stocks-making-the-biggest-moves-midday-csx-ea-pony-mrus.html — Positive sentiment with stocks making big moves midday | 📈 S&P 500 rises as AI name Nvidia rebounds, EA surges on takeover: Live updates - https://www.cnbc.com/2025/09/28/stock-market-today-live-updates.html — Positive sentiment with S&P 500 rising and specific companies rebounding and surging"
2025-09-30,,6706.5,,0,🔹 Neutral (Confidence: 0.62),nan,,,"📉 Stocks making the biggest moves premarket: CoreWeave, Firefly Aerospace, Instacart, Wolfspeed and... - https://www.cnbc.com/2025/09/30/stocks-making-the-biggest-premarket-moves-.html — Stock futures fall as U.S. government shutdown looms | 📈 Relentless bull market, booming AI, inflation threat — Learn the best 2026 strategies at Pro Live - https://www.cnbc.com/2025/09/10/relentless-bull-market-booming-ai-inflation-threat-learn-the-best-2026-strategies-at-pro-live.html — Deutsche Boerse CEO positive on AI | 🔹 Why movie production has moved out of the U.S. — and what a tariff could mean for Hollywood - https://www.cnbc.com/2025/09/29/trump-movie-tariffs-why-production-has-left-hollywood.html — Mixed sentiments on market moves and strategies | 🔹 Deutsche Boerse CEO: AI is a real accelerator - https://www.cnbc.com/video/2025/09/29/a-i-is-allowing-clients-to-make-decisions-quicker-than-before-deutsche-boerse-ceo.html — Movie production and tariff impact uncertain | 🔹 Fed's Hammack: Challenging time for monetary policy - https://www.cnbc.com/video/2025/09/29/feds-hammack-challenging-time-for-monetary-policy.html — Uncertainty in monetary policy"
2025-09-30,,6711.5,,-3,📉 Bearish (Confidence: 0.67),nan,,,"📉 For the stock market, the key thing is how long this shutdown lasts - https://www.cnbc.com/2025/09/30/government-shutdown-stock-market-timing.html — Uncertainty due to government shutdown | 📈 Deutsche Boerse CEO: AI is a real accelerator - https://www.cnbc.com/video/2025/09/29/a-i-is-allowing-clients-to-make-decisions-quicker-than-before-deutsche-boerse-ceo.html — Positive outlook on AI technology | 📉 Why movie production has moved out of the U.S. — and what a tariff could mean for Hollywood - https://www.cnbc.com/2025/09/29/trump-movie-tariffs-why-production-has-left-hollywood.html — Concerns over potential tariffs impacting Hollywood | 🔹 Stocks making the biggest moves midday: Pfizer, Semtech, Spotify, UiPath, CoreWeave & more - https://www.cnbc.com/2025/09/30/stocks-making-the-biggest-moves-midday-pfe-smtc-spot-path-crwv.html — Mixed movements in various stocks | 📉 Fed's Hammack: Challenging time for monetary policy - https://www.cnbc.com/video/2025/09/29/feds-hammack-challenging-time-for-monetary-policy.html — Challenging time for monetary policy | 🔹 Stocks are little changed as U.S. government shutdown looms; Wall Street heads for monthly gains:... - https://www.cnbc.com/2025/09/29/stock-market-today-live-updates.html — Market stability despite looming government shutdown | 📈 Relentless bull market, booming AI, inflation threat — Learn the best 2026 strategies at Pro Live - https://www.cnbc.com/2025/09/10/relentless-bull-market-booming-ai-inflation-threat-learn-the-best-2026-strategies-at-pro-live.html — Positive outlook on market strategies and AI technology"
2025-10-01,6688.46,6710.25,16.68,-3,📉 Bearish (Confidence: 0.65),nan,,,"📉 Stock futures fall on fears of drawn-out shutdown that hurts economy: Live updates - https://www.cnbc.com/2025/09/30/stock-market-today-live-updates.html — Stock futures fall on fears of drawn-out shutdown | 🔹 Fed's Hammack: Challenging time for monetary policy - https://www.cnbc.com/video/2025/09/29/feds-hammack-challenging-time-for-monetary-policy.html — Challenging time for monetary policy | 🔹 Why movie production has moved out of the U.S. — and what a tariff could mean for Hollywood - https://www.cnbc.com/2025/09/29/trump-movie-tariffs-why-production-has-left-hollywood.html — Uncertainty around movie production and tariffs | 🔹 Stocks making the biggest premarket moves: Lithium Americas, AES, Sunrun, Peloton, Nike and more - https://www.cnbc.com/2025/10/01/stocks-making-biggest-premarket-moves-lithium-americas-aes-nike-and-more.html — Premarket moves not indicating a clear direction | 📉 Dollar falls on U.S. government shutdown, now on pace for worst annual decline in 22 years - https://www.cnbc.com/2025/10/01/dollar-falls-on-us-government-shutdown-now-on-pace-for-worst-annual-decline-in-22-years.html — Dollar falls on U.S. government shutdown | 📈 Relentless bull market, booming AI, inflation threat — Learn the best 2026 strategies at Pro Live - https://www.cnbc.com/2025/09/10/relentless-bull-market-booming-ai-inflation-threat-learn-the-best-2026-strategies-at-pro-live.html — Positive outlook on market strategies at Pro Live"
2025-10-01,,,16.24,3,📈 Bullish (Confidence: 0.64),nan,,,"🔹 Prediction markets see government shutdown lasting nearly two weeks - https://www.cnbc.com/2025/10/01/prediction-markets-see-government-shutdown-lasting-nearly-two-weeks.html — Uncertain duration of government shutdown | 📈 Relentless bull market, booming AI, inflation threat — Learn the best 2026 strategies at Pro Live - https://www.cnbc.com/2025/09/10/relentless-bull-market-booming-ai-inflation-threat-learn-the-best-2026-strategies-at-pro-live.html — Positive outlook on strategies in bull market and AI | 🔹 Fed's Hammack: Challenging time for monetary policy - https://www.cnbc.com/video/2025/09/29/feds-hammack-challenging-time-for-monetary-policy.html — Unclear impact of challenging time for monetary policy | 📈 Stocks making the biggest moves midday: Pfizer, Nike, Conagra, Corteva, GEO Group, Tesla, Reddit and... - https://www.cnbc.com/2025/10/01/stocks-making-the-biggest-moves-midday-pfe-nke-cag-ctva-geo-rddt.html — Positive market moves and bet on short-lived shutdown | 📉 Why movie production has moved out of the U.S. — and what a tariff could mean for Hollywood - https://www.cnbc.com/2025/09/29/trump-movie-tariffs-why-production-has-left-hollywood.html — Concerns over movie production moving out of the U.S. and potential tariffs"
2025-10-02,6711.2,,,6,📈 Bullish (Confidence: 0.62),nan,,,"📈 S&P 500 futures rise as investors look past government shutdown: Live updates - https://www.cnbc.com/2025/10/01/stock-market-today-live-updates.html — S&P 500 futures rise despite government shutdown concerns | 🔹 Fed's Hammack: Challenging time for monetary policy - https://www.cnbc.com/video/2025/09/29/feds-hammack-challenging-time-for-monetary-policy.html — Fed official mentions challenges for monetary policy | 📈 Relentless bull market, booming AI, inflation threat — Learn the best 2026 strategies at Pro Live - https://www.cnbc.com/2025/09/10/relentless-bull-market-booming-ai-inflation-threat-learn-the-best-2026-strategies-at-pro-live.html — Positive outlook for 2026 strategies in a relentless bull market | 🔹 Why movie production has moved out of the U.S. — and what a tariff could mean for Hollywood - https://www.cnbc.com/2025/09/29/trump-movie-tariffs-why-production-has-left-hollywood.html — Discussion on potential impact of tariffs on movie production | 🔹 Stocks making the biggest moves premarket: Occidental Petroleum, Lithium Americas, Fair Isaac & more - https://www.cnbc.com/2025/10/02/stocks-making-the-biggest-moves-premarket-oxy-lac-fico.html — Premarket moves of specific stocks may not indicate overall market sentiment"
2025-10-02,,,,0,🔹 Neutral (Confidence: 0.62),nan,,,"📉 Why movie production has moved out of the U.S. — and what a tariff could mean for Hollywood - https://www.cnbc.com/2025/09/29/trump-movie-tariffs-why-production-has-left-hollywood.html — Potential negative impact from tariffs on Hollywood production | 📈 Relentless bull market, booming AI, inflation threat — Learn the best 2026 strategies at Pro Live - https://www.cnbc.com/2025/09/10/relentless-bull-market-booming-ai-inflation-threat-learn-the-best-2026-strategies-at-pro-live.html — Positive outlook for 2026 strategies in a bullish market with AI advancements | 🔹 S&P 500 pulls back after hitting fresh record as U.S. government shutdown continues: Live updates - https://www.cnbc.com/2025/10/01/stock-market-today-live-updates.html — Neutral due to mixed signals from S&P 500 pullback and government shutdown | 🔹 Stocks making the biggest moves midday: Starbucks, FICO, Acadia Healthcare & more - https://www.cnbc.com/2025/10/02/stocks-making-the-biggest-moves-midday-sbux-fico-achc.html — Neutral as stocks are making moves without a clear bullish or bearish trend | 🔹 Fed's Hammack: Challenging time for monetary policy - https://www.cnbc.com/video/2025/09/29/feds-hammack-challenging-time-for-monetary-policy.html — Neutral statement on challenging time for monetary policy by Fed's Hammack"
2025-10-03,6715.35,6769.5,16.49,3,📈 Bullish (Confidence: 0.7),bullish,6735.66,1.0,"📉 Why movie production has moved out of the U.S. — and what a tariff could mean for Hollywood - https://www.cnbc.com/2025/09/29/trump-movie-tariffs-why-production-has-left-hollywood.html — Article discusses potential negative impact of tariffs on Hollywood | 📈 Stocks making the biggest moves premarket: GameStop, USA Rare Earth, Applied Materials, Zillow and... - https://www.cnbc.com/2025/10/03/stocks-making-the-biggest-moves-premarket-gme-usar-amat-z.html — Stocks making big moves premarket | 🔹 Treasury yields are little changed as government shutdown reaches third day - https://www.cnbc.com/2025/10/03/us-treasury-yields-government-shut-down-reaches-third-day-.html — Treasury yields little changed during government shutdown | 🔹 Stock futures are little changed as government shutdown grinds on: Live updates - https://www.cnbc.com/2025/10/02/stock-market-today-live-updates.html — Stock futures little changed during government shutdown | 📈 Relentless bull market, booming AI, inflation threat — Learn the best 2026 strategies at Pro Live - https://www.cnbc.com/2025/09/10/relentless-bull-market-booming-ai-inflation-threat-learn-the-best-2026-strategies-at-pro-live.html — Promotion of strategies for a bullish market and AI"
2025-10-03,6746.23,6797.5,,6,📈 Bullish (Confidence: 0.62),bearish,6735.66,0.0,"📈 Dow rallies 500 points to record as Wall Street looks past shutdown fears: Live updates - https://www.cnbc.com/2025/10/02/stock-market-today-live-updates.html — Dow rallies to record high | 📈 Relentless bull market, booming AI, inflation threat — Learn the best 2026 strategies at Pro Live - https://www.cnbc.com/2025/09/10/relentless-bull-market-booming-ai-inflation-threat-learn-the-best-2026-strategies-at-pro-live.html — Positive outlook on market strategies | 🔹 Why movie production has moved out of the U.S. — and what a tariff could mean for Hollywood - https://www.cnbc.com/2025/09/29/trump-movie-tariffs-why-production-has-left-hollywood.html — Uncertainty around movie production and tariffs | 🔹 Stocks making the biggest moves midday: Wynn Resorts, Red Cat, SanDisk, Palantir & more - https://www.cnbc.com/2025/10/03/stocks-making-the-biggest-moves-midday-wynn-rcat-sndk-pltr.html — Mixed movements in individual stocks"
2025-10-06,,,16.81,0,🔹 Neutral (Confidence: 0.68),bearish,6739.94,0.0,"📉 Aston Martin shares fall 10% as luxury carmaker issues fresh profit warning on tariff turmoil - https://www.cnbc.com/2025/10/06/aston-martin-carmaker-issues-fresh-profit-warning-on-tariff-turmoil.html — Aston Martin issues fresh profit warning | 📈 Relentless bull market, booming AI, inflation threat — Learn the best 2026 strategies at Pro Live - https://www.cnbc.com/2025/09/10/relentless-bull-market-booming-ai-inflation-threat-learn-the-best-2026-strategies-at-pro-live.html — Positive outlook on strategies for 2026 | 🔹 Stocks making the biggest moves premarket: AMD, Comerica, Micron Technology & more - https://www.cnbc.com/2025/10/06/stocks-making-the-biggest-moves-premarket-amd-cma-mu.html — Neutral news about stocks making moves premarket | 🔹 Treasury yields move higher as government shutdown stretches on - https://www.cnbc.com/2025/10/06/us-treasury-yields-government-shutdown-stretches-on-.html — Neutral news about Treasury yields moving higher during government shutdown"
2025-10-06,6739.98,,,-3,📉 Bearish (Confidence: 0.67),bearish,6739.94,1.0,"📉 Stocks making the biggest moves midday: Critical Metals, Comerica, Advanced Micro Devices... - https://www.cnbc.com/2025/10/06/midday-stock-moves-crml-sbux-vz-ntla-amd.html — Aston Martin shares fall 10% on profit warning | 🔹 Stocks making the biggest moves premarket: AMD, Comerica, Micron Technology and more - https://www.cnbc.com/2025/10/06/stocks-making-the-biggest-moves-premarket-amd-cma-mu.html — General market strategies discussion | 🔹 Aston Martin shares fall 10% as luxury carmaker issues fresh profit warning on tariff turmoil - https://www.cnbc.com/2025/10/06/aston-martin-carmaker-issues-fresh-profit-warning-on-tariff-turmoil.html — General market movements, no specific direction indicated"
2025-10-07,6740.28,,,-3,📉 Bearish (Confidence: 0.75),nan,,,"📉 Relentless bull market, booming AI, inflation threat — Learn the best 2026 strategies at Pro Live - https://www.cnbc.com/2025/09/10/relentless-bull-market-booming-ai-inflation-threat-learn-the-best-2026-strategies-at-pro-live.html — Aston Martin shares fall 10% on profit warning | 📉 The shutdown meant no jobs report. Carlyle's analysis shows it would have been pretty bad - https://www.cnbc.com/2025/10/07/the-shutdown-meant-no-jobs-report-carlyles-analysis-shows-it-would-have-been-pretty-bad.html — Carlyle's analysis indicates bad jobs report if not for shutdown | 🔹 Aston Martin shares fall 10% as luxury carmaker issues fresh profit warning on tariff turmoil - https://www.cnbc.com/2025/10/06/aston-martin-carmaker-issues-fresh-profit-warning-on-tariff-turmoil.html — Stocks making moves premarket - neutral sentiment | 📈 Stocks making the biggest moves premarket: Trilogy Metals, Aehr Test Systems, Dollar Tree and more - https://www.cnbc.com/2025/10/07/stocks-making-the-biggest-moves-premarket-tmq-aehr-dltr.html — S&P 500 posts rare 33% rally in 6 months"
2025-10-07,6713.64,6761.75,17.14,0,🔹 Neutral (Confidence: 0.7),nan,,,"📉 Stocks making the biggest moves midday: Oracle, Figma, Trilogy Metals, Ford and more - https://www.cnbc.com/2025/10/07/stocks-making-the-biggest-moves-midday-orcl-fig-tmq-f-and-more.html — Aston Martin shares fall 10% due to profit warning on tariff turmoil | 📈 Relentless bull market, booming AI, inflation threat — Learn the best 2026 strategies at Pro Live - https://www.cnbc.com/2025/09/10/relentless-bull-market-booming-ai-inflation-threat-learn-the-best-2026-strategies-at-pro-live.html — S&P 500 posts rare 33% rally in 6 months, gains could get tougher | 🔹 The S&P 500 posts rare 33% rally in just 6 months. The gains could get tougher from here, history... - https://www.cnbc.com/2025/10/07/sp-500-jumped-33percent-in-6-months-gains-are-tougher-from-here-history-shows.html — General market news, no clear direction indicated"
2025-10-08,6714.59,,,-3,📉 Bearish (Confidence: 0.6),nan,,,"📉 Stock futures rise slightly after S&P 500 snaps 7-day win streak: Live updates - https://www.cnbc.com/2025/10/07/stock-market-today-live-updates.html — Aston Martin shares fall 10% on profit warning | 🔹 Relentless bull market, booming AI, inflation threat — Learn the best 2026 strategies at Pro Live - https://www.cnbc.com/2025/09/10/relentless-bull-market-booming-ai-inflation-threat-learn-the-best-2026-strategies-at-pro-live.html — Stock futures rise slightly after S&P 500 snaps win streak | 🔹 Aston Martin shares fall 10% as luxury carmaker issues fresh profit warning on tariff turmoil - https://www.cnbc.com/2025/10/06/aston-martin-carmaker-issues-fresh-profit-warning-on-tariff-turmoil.html — No clear direction indicated in the headline | 🔹 Stocks making the biggest moves premarket: AST SpaceMobile, Joby, Trilogy Metals, Rocket Lab and... - https://www.cnbc.com/2025/10/08/stocks-making-the-biggest-moves-premarket-asts-joby-tmq.html — Premarket moves do not indicate a clear sentiment"
2025-10-08,,,16.59,3,📈 Bullish (Confidence: 0.73),nan,,,"📉 Aston Martin shares fall 10% as luxury carmaker issues fresh profit warning on tariff turmoil - https://www.cnbc.com/2025/10/06/aston-martin-carmaker-issues-fresh-profit-warning-on-tariff-turmoil.html — Aston Martin issues fresh profit warning | 📈 Relentless bull market, booming AI, inflation threat — Learn the best 2026 strategies at Pro Live - https://www.cnbc.com/2025/09/10/relentless-bull-market-booming-ai-inflation-threat-learn-the-best-2026-strategies-at-pro-live.html — Positive market sentiment and Nvidia rise | 📈 S&P 500, Nasdaq gain as Nvidia rises, Wall Street tries to look past shutdown worries: Live updates - https://www.cnbc.com/2025/10/07/stock-market-today-live-updates.html — S&P 500 and Nasdaq gain"
2025-10-09,6753.72,6802.5,16.31,0,🔹 Neutral (Confidence: 0.62),bearish,6720.88,0.0,"🔹 S&P 500 futures are little changed after benchmark rises to all-time high: Live updates - https://www.cnbc.com/2025/10/08/stock-market-today-live-updates.html — S&P 500 futures little changed after all-time high | 📉 Aston Martin shares fall 10% as luxury carmaker issues fresh profit warning on tariff turmoil - https://www.cnbc.com/2025/10/06/aston-martin-carmaker-issues-fresh-profit-warning-on-tariff-turmoil.html — Aston Martin shares fall 10% on profit warning | 🔹 China tightens grip on rare earths supplies. The stocks involved in this crucial industry are... - https://www.cnbc.com/2025/10/09/china-tightens-rare-earths-grip-stocks-surge.html — China tightens grip on rare earths supplies | 🔹 Stocks making the biggest moves premarket: Ferrari, PepsiCo, Delta, Akero Therapeutics and more - https://www.cnbc.com/2025/10/09/stocks-making-the-biggest-moves-premarket-race-.html — Stocks making moves premarket | 📈 Relentless bull market, booming AI, inflation threat — Learn the best 2026 strategies at Pro Live - https://www.cnbc.com/2025/09/10/relentless-bull-market-booming-ai-inflation-threat-learn-the-best-2026-strategies-at-pro-live.html — Promotion of strategies for 2026 in a bullish market"
2025-10-09,,6775.25,16.7,3,📈 Bullish (Confidence: 0.66),bearish,6720.88,0.0,"📉 Aston Martin shares fall 10% as luxury carmaker issues fresh profit warning on tariff turmoil - https://www.cnbc.com/2025/10/06/aston-martin-carmaker-issues-fresh-profit-warning-on-tariff-turmoil.html — Aston Martin issues fresh profit warning | 🔹 Stocks making the biggest moves midday: Oracle, Ferrari, Delta, Albemarle and more - https://www.cnbc.com/2025/10/09/stocks-making-the-biggest-moves-midday-orcl-race-dal-alb-and-more.html — Mixed news on Oracle, Ferrari, Delta, and Albemarle | 📈 Rare earths stocks surge after China tightens grip on global supplies - https://www.cnbc.com/2025/10/09/china-tightens-rare-earths-grip-stocks-surge.html — Rare earths stocks surge after China tightens grip on global supplies | 🔹 Stocks making the biggest moves premarket: Ferrari, PepsiCo, Delta, Akero Therapeutics and more - https://www.cnbc.com/2025/10/09/stocks-making-the-biggest-moves-premarket-race-.html — Mixed news on Ferrari, PepsiCo, Delta, and Akero Therapeutics | 📈 Relentless bull market, booming AI, inflation threat — Learn the best 2026 strategies at Pro Live - https://www.cnbc.com/2025/09/10/relentless-bull-market-booming-ai-inflation-threat-learn-the-best-2026-strategies-at-pro-live.html — Positive outlook on strategies for 2026 at Pro Live"
2025-10-10,6735.11,6785.25,16.47,-3,📉 Bearish (Confidence: 0.73),nan,,,"📉 Trump's Fed chair candidates list narrowed down to five by Bessent after interviews, sources say - https://www.cnbc.com/2025/10/10/trumps-fed-chair-candidates-list-narrowed-down-to-five-by-bessent-after-interviews-sources-say.html — Treasury yields moving lower due to government shutdown | 📈 Treasury yields move lower as U.S. government shutdown enters 10th day - https://www.cnbc.com/2025/10/10/us-treasury-yields-us-government-shutdown-enters-10th-day.html — Relentless bull market and booming AI driving positive strategies | 🔹 Relentless bull market, booming AI, inflation threat — Learn the best 2026 strategies at Pro Live - https://www.cnbc.com/2025/09/10/relentless-bull-market-booming-ai-inflation-threat-learn-the-best-2026-strategies-at-pro-live.html — Uncertain impact of narrowing down Fed chair candidates list | 📉 Stocks making the biggest moves premarket: Applied Digital, Mosaic Levi Strauss & more - https://www.cnbc.com/2025/10/10/stocks-making-the-biggest-moves-in-premarket-applied-digital-mosaic-levi-strauss-more.html — Aston Martin shares falling 10% due to profit warning on tariff turmoil"
2025-10-10,6627.16,6680.0,,-3,📉 Bearish (Confidence: 0.75),nan,,,"📉 Dow drops 400 points in sudden move after Trump's China tariff threat: Live updates - https://www.cnbc.com/2025/10/09/stock-market-today-live-updates.html — Dow drops 400 points after Trump's China tariff threat | 📉 U.S. crude oil falls 4% after Trump-China trade flare-up threatens to slow global growth - https://www.cnbc.com/2025/10/10/us-crude-oil-falls-4percent-after-trump-china-trade-flare-up-threatens-to-slow-global-growth.html — U.S. crude oil falls 4% due to Trump-China trade flare-up | 📈 Relentless bull market, booming AI, inflation threat — Learn the best 2026 strategies at Pro Live - https://www.cnbc.com/2025/09/10/relentless-bull-market-booming-ai-inflation-threat-learn-the-best-2026-strategies-at-pro-live.html — Positive outlook on relentless bull market and booming AI | 🔹 Stocks making the biggest moves midday: MP Materials, Alibaba, Protagonist Therapeutics & more - https://www.cnbc.com/2025/10/10/stocks-making-the-biggest-moves-midday-mp-bab-ptgx.html — Neutral news on stocks making moves midday"
2025-10-13,,,20.18,0,🔹 Neutral (Confidence: 0.5),bearish,6653.1,0.0,
2025-10-13,6654.67,6702.25,19.44,6,📈 Bullish (Confidence: 0.8),bearish,6653.1,0.0,"📈 Relentless bull market, booming AI, inflation threat — Learn the best 2026 strategies at Pro Live - https://www.cnbc.com/2025/09/10/relentless-bull-market-booming-ai-inflation-threat-learn-the-best-2026-strategies-at-pro-live.html — Relentless bull market and stock market rally gains steam | 📈 Stock market's comeback rally gains steam with the Dow now up 600 points: Live updates - https://www.cnbc.com/2025/10/12/stock-market-today-live-updates.html — Stocks making big midday moves"
2025-10-14,6654.72,,,-3,📉 Bearish (Confidence: 0.75),bearish,6644.31,1.0,"📉 Global bonds rally as fresh trade tensions send investors flocking to safety - https://www.cnbc.com/2025/10/14/global-government-bonds-rise-as-trump-slaps-new-100percent-tariffs-on-china.html — Fresh trade tensions causing investors to seek safety in global bonds | 📉 Dow futures drop 400 points after one-day bounce as China re-escalates trade tensions: Live updates - https://www.cnbc.com/2025/10/13/stock-market-today-live-updates.html — Dow futures dropping due to re-escalation of trade tensions with China | 📈 Relentless bull market, booming AI, inflation threat — Learn the best 2026 strategies at Pro Live - https://www.cnbc.com/2025/09/10/relentless-bull-market-booming-ai-inflation-threat-learn-the-best-2026-strategies-at-pro-live.html — Promotion of strategies for a relentless bull market and booming AI indicates bullish sentiment | 🔹 Stocks making the biggest moves premarket: JPMorgan Chase, Goldman Sachs, General Motors, Energy... - https://www.cnbc.com/2025/10/14/stocks-making-the-biggest-moves-premarket-jpm-gs-gm-uuuu.html — Neutral news about stocks making moves premarket without clear direction"
2025-10-14,,6704.5,19.59,0,🔹 Neutral (Confidence: 0.65),bearish,6644.31,0.0,"📈 Stocks making the biggest moves midday: Albertsons, Nova Minerals, Wells Fargo, Polaris & more - https://www.cnbc.com/2025/10/14/stocks-making-the-biggest-moves-midday-aci-nva-wfc-pii.html — Stocks turning positive despite trade concerns | 📉 Relentless bull market, booming AI, inflation threat — Learn the best 2026 strategies at Pro Live - https://www.cnbc.com/2025/09/10/relentless-bull-market-booming-ai-inflation-threat-learn-the-best-2026-strategies-at-pro-live.html — Uncertainty around Fed's tightening program and rates"
2025-10-15,,6733.5,,9,📈 Bullish (Confidence: 0.68),nan,,,"📈 Stocks making the biggest moves premarket: Bank of America, Morgan Stanley, ASML, Papa John's and... - https://www.cnbc.com/2025/10/15/stocks-making-the-biggest-moves-premarket-bank-of-america-morgan-stanley-asml-papa-johns-and-more.html — Strong earnings and market optimism | 📈 Dow futures jump 200 points as strong earnings overshadow China trade fight, Bank of America rises:... - https://www.cnbc.com/2025/10/14/stock-market-today-live-updates.html — Positive market sentiment and earnings | 📈 Will the bull market make it to a fourth year? — Learn the best 2026 strategies at Pro Live - https://www.cnbc.com/2025/09/10/relentless-bull-market-booming-ai-inflation-threat-learn-the-best-2026-strategies-at-pro-live.html — Bull market optimism | 🔹 Treasury yields are mostly little changed as investors weigh trade developments - https://www.cnbc.com/2025/10/15/us-treasury-yields-investors-weigh-trade-developments-.html — Neutral news on treasury yields"
2025-10-15,,6715.5,20.28,9,📈 Bullish (Confidence: 0.73),nan,,,"📈 S&P 500 gains as strong earnings overshadow China trade fight, Bank of America rallies: Live updates - https://www.cnbc.com/2025/10/14/stock-market-today-live-updates.html — Strong earnings and market gains | 📈 Bunge shares soar 11% after Trump considers China cooking oil embargo - https://www.cnbc.com/2025/10/15/bunge-shares-soar-after-trump-considers-china-cooking-oil-embargo.html — Positive impact on Bunge shares | 🔹 Will the bull market make it to a fourth year? — Learn the best 2026 strategies at Pro Live - https://www.cnbc.com/2025/09/10/relentless-bull-market-booming-ai-inflation-threat-learn-the-best-2026-strategies-at-pro-live.html — Neutral headline about market strategies | 📈 Stocks making the biggest moves midday: Bank of America, Morgan Stanley, Bunge, Progressive and more - https://www.cnbc.com/2025/10/15/stocks-making-the-biggest-moves-midday-bac-ms-bg-pgr.html — Positive moves in Bank of America, Morgan Stanley, Bunge, and Progressive"
2025-10-16,,,,6,📈 Bullish (Confidence: 0.7),bearish,6629.0,0.0,"📈 Stocks making the biggest moves premarket: J.B. Hunt, Salesforce, Charles Schwab, Hewlett Packard... - https://www.cnbc.com/2025/10/16/stocks-making-the-biggest-moves-premarket-jbht-crm-schw-hpe.html — S&P 500 futures rise for a second day | 📉 Gold has never outperformed stocks to this extent when there isn’t a crisis or bear market - https://www.cnbc.com/2025/10/16/gold-has-never-outperformed-stocks-by-this-much-absent-a-crisis.html — Breitling CEO's negative outlook on U.S. tariffs for Switzerland | 🔹 Breitling CEO: U.S. tariffs 'terrible news' for Switzerland - https://www.cnbc.com/video/2025/10/15/breitling-ceo-u-s-tariffs-terrible-news-for-switzerland.html — Discussion on gold's performance compared to stocks without a crisis | 🔹 Will the bull market make it to a fourth year? — Learn the best 2026 strategies at Pro Live - https://www.cnbc.com/2025/09/10/relentless-bull-market-booming-ai-inflation-threat-learn-the-best-2026-strategies-at-pro-live.html — Uncertainty about the bull market continuing into a fourth year | 📈 'We did it right by cutting eight times': Bundesbank's Nagel on ECB rates - https://www.cnbc.com/video/2025/10/15/we-did-it-right-by-cutting-eight-times-bundesbanks-nagel-on-ecb-rates.html — Positive sentiment around rate cuts by Bundesbank's Nagel | 📈 S&P 500 futures rise for a second day, boosted by the AI trade and solid earnings: Live updates - https://www.cnbc.com/2025/10/15/stock-market-today-live-updates.html — Positive outlook on AI trade and solid earnings in S&P 500 futures"
2025-10-16,6616.78,6668.25,23.97,9,📈 Bullish (Confidence: 0.64),bullish,6629.0,1.0,"📈 'We did it right by cutting eight times': Bundesbank's Nagel on ECB rates - https://www.cnbc.com/video/2025/10/15/we-did-it-right-by-cutting-eight-times-bundesbanks-nagel-on-ecb-rates.html — Positive comments on ECB rate cuts | 📈 Fed Governor Miran wants a half-point cut this month, while Waller backs another quarter-point move - https://www.cnbc.com/2025/10/16/fed-governor-miran-wants-a-half-point-cut-this-month-while-waller-backs-another-quarter-point-move.html — Expectation of rate cuts by Fed Governors | 📈 Stocks making the biggest moves premarket: J.B. Hunt, Salesforce, Charles Schwab, Hewlett Packard... - https://www.cnbc.com/2025/10/16/stocks-making-the-biggest-moves-premarket-jbht-crm-schw-hpe.html — Positive premarket stock movements | 🔹 Watch the full interview with ex-Meta exec Clegg on crypto, AI, China - https://www.cnbc.com/video/2025/10/15/watch-the-full-interview-with-ex-meta-exec-clegg-on-crypto-ai-china.html — Neutral interview on crypto, AI, China | 📉 Breitling CEO: U.S. tariffs 'terrible news' for Switzerland - https://www.cnbc.com/video/2025/10/15/breitling-ceo-u-s-tariffs-terrible-news-for-switzerland.html — Negative impact of U.S. tariffs on Switzerland | 🔹 Stocks making the biggest moves midday: Snap-on, Triumph Financial, Micron & more - https://www.cnbc.com/2025/10/16/stocks-making-the-biggest-moves-midday-sna-tfin-mu.html — Neutral midday stock movements | 📈 Will the bull market make it to a fourth year? — Learn the best 2026 strategies at Pro Live - https://www.cnbc.com/2025/09/10/relentless-bull-market-booming-ai-inflation-threat-learn-the-best-2026-strategies-at-pro-live.html — Positive outlook for bull market in 2026"
2025-10-17,6629.07,,,3,📈 Bullish (Confidence: 0.75),bearish,6626.88,0.0,"📉 'We did it right by cutting eight times': Bundesbank's Nagel on ECB rates - https://www.cnbc.com/video/2025/10/15/we-did-it-right-by-cutting-eight-times-bundesbanks-nagel-on-ecb-rates.html — Negative impact of U.S. tariffs on Switzerland | 🔹 Moody's says the banking system, private credit markets are sound despite worries over bad loans - https://www.cnbc.com/2025/10/17/moodys-says-the-banking-system-private-credit-markets-are-sound-despite-worries-over-bad-loans.html — Neutral sentiment on banking system and credit markets | 📈 Will the bull market make it to a fourth year? — Learn the best 2026 strategies at Pro Live - https://www.cnbc.com/2025/09/10/relentless-bull-market-booming-ai-inflation-threat-learn-the-best-2026-strategies-at-pro-live.html — Positive outlook on stock market rebound | 📈 Stocks making the biggest moves premarket: Jefferies, Oracle, Fifth Third, Micron and more - https://www.cnbc.com/2025/10/17/stocks-making-the-biggest-moves-premarket-jef-orcl-fitb-mu.html — Bullish sentiment on stock market moves premarket"
2025-10-17,,,23.58,0,🔹 Neutral (Confidence: 0.61),bearish,6626.88,0.0,"📈 Will the bull market make it to a fourth year? — Learn the best 2026 strategies at Pro Live - https://www.cnbc.com/2025/09/10/relentless-bull-market-booming-ai-inflation-threat-learn-the-best-2026-strategies-at-pro-live.html — Dow rises 200 points on Friday | 🔹 Dow rises 200 points Friday as investors bet bank credit concerns are not serious: Live updates - https://www.cnbc.com/2025/10/16/stock-market-today-live-updates.html — Mixed sentiment from various headlines | 🔹 Watch the full interview with ex-Meta exec Clegg on crypto, AI, China - https://www.cnbc.com/video/2025/10/15/watch-the-full-interview-with-ex-meta-exec-clegg-on-crypto-ai-china.html — Neutral headline about an interview | 📉 Former ECB President Jean-Claude Trichet says he is appalled by Fed and U.S. government conflict - https://www.cnbc.com/video/2025/10/17/trichet-appalled-by-fed-and-government-conflict.html — Negative sentiment from former ECB President | 📈 'We did it right by cutting eight times': Bundesbank's Nagel on ECB rates - https://www.cnbc.com/video/2025/10/15/we-did-it-right-by-cutting-eight-times-bundesbanks-nagel-on-ecb-rates.html — Positive sentiment about ECB rate cuts | 🔹 Stocks making the biggest moves premarket: Jefferies, Oracle, Fifth Third, Micron and more - https://www.cnbc.com/2025/10/17/stocks-making-the-biggest-moves-premarket-jef-orcl-fitb-mu.html — Mixed sentiment from premarket stock moves | 📉 Breitling CEO: U.S. tariffs 'terrible news' for Switzerland - https://www.cnbc.com/video/2025/10/15/breitling-ceo-u-s-tariffs-terrible-news-for-switzerland.html — Negative sentiment about U.S. tariffs on Switzerland"
2025-10-20,,,,6,📈 Bullish (Confidence: 0.7),nan,,,"📉 Former ECB President Jean-Claude Trichet says he is appalled by Fed and U.S. government conflict - https://www.cnbc.com/video/2025/10/17/trichet-appalled-by-fed-and-government-conflict.html — Jean-Claude Trichet appalled by Fed and U.S. government conflict | 📈 'We did it right by cutting eight times': Bundesbank's Nagel on ECB rates - https://www.cnbc.com/video/2025/10/15/we-did-it-right-by-cutting-eight-times-bundesbanks-nagel-on-ecb-rates.html — Bundesbank's Nagel positive on ECB rate cuts | 🔹 Treasury yields are little changed as investors weigh the state of the U.S. economy - https://www.cnbc.com/2025/10/20/us-treasury-yields-investors-weigh-the-state-of-the-us-economy.html — Treasury yields little changed, investors weighing U.S. economy | 📈 Stocks making the biggest moves premarket: Cleveland-Cliffs, Liberty Energy, Hologic & more - https://www.cnbc.com/2025/10/20/stocks-making-the-biggest-moves-premarket-cleveland-cliffs-liberty-energy-hologic-and-more-.html — Stock futures rise on hopes of strong earnings and end of shutdown | 🔹 Watch the full interview with ex-Meta exec Clegg on crypto, AI, China - https://www.cnbc.com/video/2025/10/15/watch-the-full-interview-with-ex-meta-exec-clegg-on-crypto-ai-china.html — Interview with ex-Meta exec covers various topics | 📈 Will the bull market make it to a fourth year? — Learn the best 2026 strategies at Pro Live - https://www.cnbc.com/2025/09/10/relentless-bull-market-booming-ai-inflation-threat-learn-the-best-2026-strategies-at-pro-live.html — Positive outlook on stock market with hopes for strong earnings and end of shutdown"
2025-10-20,6728.27,,,-3,📉 Bearish (Confidence: 0.62),nan,,,"📉 Stocks making the biggest moves premarket: Cleveland-Cliffs, Liberty Energy, Hologic & more - https://www.cnbc.com/2025/10/20/stocks-making-the-biggest-moves-premarket-cleveland-cliffs-liberty-energy-hologic-and-more-.html — Former ECB President appalled by Fed and U.S. government conflict | 📉 Former ECB President Jean-Claude Trichet says he is appalled by Fed and U.S. government conflict - https://www.cnbc.com/video/2025/10/17/trichet-appalled-by-fed-and-government-conflict.html — Wall Street's fear gauge remains high despite market stabilization | 🔹 Wall Street's fear gauge refuses to go lower even as markets stabilize. Something has to give - https://www.cnbc.com/2025/10/20/wall-streets-fear-gauge-refuses-to-go-lower-even-as-markets-stabilize-something-has-to-give.html — No clear direction indicated by Bundesbank's Nagel on ECB rates | 🔹 'We did it right by cutting eight times': Bundesbank's Nagel on ECB rates - https://www.cnbc.com/video/2025/10/15/we-did-it-right-by-cutting-eight-times-bundesbanks-nagel-on-ecb-rates.html — Interview with ex-Meta exec covers various topics without clear sentiment | 📈 Watch the full interview with ex-Meta exec Clegg on crypto, AI, China - https://www.cnbc.com/video/2025/10/15/watch-the-full-interview-with-ex-meta-exec-clegg-on-crypto-ai-china.html — Promotion of strategies for a potential fourth year in the bull market"
2025-10-21,,6770.75,18.64,-6,📉 Bearish (Confidence: 0.55),nan,,,"📉 Will the bull market make it to a fourth year? — Learn the best 2026 strategies at Pro Live - https://www.cnbc.com/2025/09/10/relentless-bull-market-booming-ai-inflation-threat-learn-the-best-2026-strategies-at-pro-live.html — Former ECB President appalled by Fed and U.S. government conflict | 🔹 Stocks making the biggest moves premarket: GM, Coca-Cola, 3M, Philip Morris & more - https://www.cnbc.com/2025/10/21/stocks-making-the-biggest-moves-premarket-gm-ko-mmm-pm.html — Premarket stocks movements neutral | 📉 Former ECB President Jean-Claude Trichet says he is appalled by Fed and U.S. government conflict - https://www.cnbc.com/video/2025/10/17/trichet-appalled-by-fed-and-government-conflict.html — Investors monitoring government shutdown | 🔹 Watch the full interview with ex-Meta exec Clegg on crypto, AI, China - https://www.cnbc.com/video/2025/10/15/watch-the-full-interview-with-ex-meta-exec-clegg-on-crypto-ai-china.html — Interview on crypto, AI, China neutral"
2025-10-21,6749.19,6787.0,17.62,3,📈 Bullish (Confidence: 0.7),nan,,,📈 Will the bull market make it to a fourth year? — Learn the best 2026 strategies at Pro Live - https://www.cnbc.com/2025/09/10/relentless-bull-market-booming-ai-inflation-threat-learn-the-best-2026-strategies-at-pro-live.html — Dow rising to record on strong earnings | 📉 Former ECB President Jean-Claude Trichet says he is appalled by Fed and U.S. government conflict - https://www.cnbc.com/video/2025/10/17/trichet-appalled-by-fed-and-government-conflict.html — Former ECB President appalled by Fed and government conflict | 📈 'We did it right by cutting eight times': Bundesbank's Nagel on ECB rates - https://www.cnbc.com/video/2025/10/15/we-did-it-right-by-cutting-eight-times-bundesbanks-nagel-on-ecb-rates.html — Positive stock market performance
2025-10-22,6735.35,6780.75,18.27,0,🔹 Neutral (Confidence: 0.56),bearish,6678.71,0.0,"🔹 Stock futures are little changed after record session for Dow; Netflix slides on earnings miss: Live... - https://www.cnbc.com/2025/10/21/stock-market-today-live-updates.html — Mixed news with little change in stock futures and Netflix slide | 📈 'We did it right by cutting eight times': Bundesbank's Nagel on ECB rates - https://www.cnbc.com/video/2025/10/15/we-did-it-right-by-cutting-eight-times-bundesbanks-nagel-on-ecb-rates.html — Positive sentiment towards rate cuts by Bundesbank's Nagel | 🔹 Former ECB President Jean-Claude Trichet says he is appalled by Fed and U.S. government conflict - https://www.cnbc.com/video/2025/10/17/trichet-appalled-by-fed-and-government-conflict.html — Neutral sentiment on Fed and U.S. government conflict | 🔹 Stocks making the biggest moves premarket: Intuitive Surgical, Pegasystems, Beyond Meat, Krispy... - https://www.cnbc.com/2025/10/22/stocks-making-big-moves-premarket-isrg-bynd-pega-dnut-and-more.html — Premarket moves indicate mixed sentiment | 📉 Will the bull market make it to a fourth year? — Learn the best 2026 strategies at Pro Live - https://www.cnbc.com/2025/09/10/relentless-bull-market-booming-ai-inflation-threat-learn-the-best-2026-strategies-at-pro-live.html — Uncertainty about the bull market making it to a fourth year"
2025-10-22,,,,-3,📉 Bearish (Confidence: 0.56),bearish,6678.71,1.0,"📉 Stocks making the biggest moves midday: Winnebago, Texas Instruments, Netflix, Beyond Meat & more - https://www.cnbc.com/2025/10/22/stocks-making-the-biggest-moves-midday-wgo-txn-nflx-bynd.html — Dow drops 200 points on trade fears | 🔹 Former ECB President Jean-Claude Trichet says he is appalled by Fed and U.S. government conflict - https://www.cnbc.com/video/2025/10/17/trichet-appalled-by-fed-and-government-conflict.html — Former ECB President's opinion on Fed and U.S. government conflict | 📈 'We did it right by cutting eight times': Bundesbank's Nagel on ECB rates - https://www.cnbc.com/video/2025/10/15/we-did-it-right-by-cutting-eight-times-bundesbanks-nagel-on-ecb-rates.html — Positive sentiment from Bundesbank's Nagel on ECB rate cuts | 🔹 Will the bull market make it to a fourth year? — Learn the best 2026 strategies at Pro Live - https://www.cnbc.com/2025/09/10/relentless-bull-market-booming-ai-inflation-threat-learn-the-best-2026-strategies-at-pro-live.html — Discussion on bull market continuation in 2026 strategies | 📉 Dow drops 200 points on more trade fears, new earnings batch: Live updates - https://www.cnbc.com/2025/10/21/stock-market-today-live-updates.html — Market drop due to trade fears and earnings concerns"
2025-10-23,,,,-9,📉 Bearish (Confidence: 0.68),nan,,,"📉 Treasury yields move higher as trade comes back into focus - https://www.cnbc.com/2025/10/23/us-treasury-yields-trade-comes-into-focus-.html — Treasury yields moving higher due to trade focus | 📉 Will the bull market make it to a fourth year? — Learn the best 2026 strategies at Pro Live - https://www.cnbc.com/2025/09/10/relentless-bull-market-booming-ai-inflation-threat-learn-the-best-2026-strategies-at-pro-live.html — Stock futures under pressure with negative earnings and oil price increase | 📉 Stock futures are under pressure again as Tesla, IBM fall on earnings, oil jumps: Live updates - https://www.cnbc.com/2025/10/22/stock-market-today-live-updates.html — Stocks making big moves premarket, including Tesla and IBM | 🔹 Stocks making the biggest moves premarket: IonQ, Molina Healthcare, Tesla, Hasbro, Beyond Meat, IBM - https://www.cnbc.com/2025/10/23/stocks-making-the-biggest-moves-premarket-ionq-molina-healthcare-tesla-hasbro-beyond-meat-ibm.html — Uncertain about the bull market making it to a fourth year"
2025-10-23,,6768.0,17.51,-3,📉 Bearish (Confidence: 0.53),nan,,,📉 Will the bull market make it to a fourth year? — Learn the best 2026 strategies at Pro Live - https://www.cnbc.com/2025/09/10/relentless-bull-market-booming-ai-inflation-threat-learn-the-best-2026-strategies-at-pro-live.html — 10-year Treasury yield rising above 4% | 🔹 S&P 500 rises as Wall Street tries to rebound from sell-off: Live updates - https://www.cnbc.com/2025/10/22/stock-market-today-live-updates.html — S&P 500 trying to rebound from sell-off | 🔹 10-year Treasury yield rises back above 4% as trade comes back into focus - https://www.cnbc.com/2025/10/23/us-treasury-yields-trade-comes-into-focus-.html — Stocks making big moves midday
2025-10-24,,6817.75,,12,📈 Bullish (Confidence: 0.8),bearish,6799.11,0.0,"📈 Will the bull market make it to a fourth year? — Learn the best 2026 strategies at Pro Live - https://www.cnbc.com/2025/09/10/relentless-bull-market-booming-ai-inflation-threat-learn-the-best-2026-strategies-at-pro-live.html — Rate cuts expected | 📈 Stocks making the biggest moves premarket: Intel, Ford, Deckers, P&G, Comfort Systems & more - https://www.cnbc.com/2025/10/24/stocks-making-the-biggest-moves-premarket-intel-ford-deckers-pg-comfort-systems-more.html — Positive premarket moves | 📈 Traders get their wish as inflation numbers give Fed greenlight to cut twice more this year - https://www.cnbc.com/2025/10/24/-traders-get-their-wish-as-fed-gets-greenlight-to-cut-twice-more-in-2025.html — Inflation numbers prompting Fed rate cuts | 📈 Dow futures jump 200 points as light inflation report paves way for Fed rate cut: Live updates - https://www.cnbc.com/2025/10/23/stock-market-today-live-updates.html — Dow futures jump after light inflation report"
2025-10-24,,,,6,📈 Bullish (Confidence: 0.7),bearish,6799.11,0.0,"📈 Dow rises 500 points to record as Friday's rally on mild inflation data accelerates: Live updates - https://www.cnbc.com/2025/10/23/stock-market-today-live-updates.html — Dow rises 500 points to record high | 📈 Will the bull market make it to a fourth year? — Learn the best 2026 strategies at Pro Live - https://www.cnbc.com/2025/09/10/relentless-bull-market-booming-ai-inflation-threat-learn-the-best-2026-strategies-at-pro-live.html — Positive market momentum and record highs | 🔹 Stocks making the biggest moves midday: Ford Motor, Alphabet, Alaska Air, Coinbase, Boston Beer and... - https://www.cnbc.com/2025/10/24/stocks-making-the-biggest-moves-midday-f-googl-alk-coin-sam-and-more.html — No clear sentiment in headline"
2025-10-27,,6883.5,,6,📈 Bullish (Confidence: 0.85),nan,,,📈 Will the bull market make it to a fourth year? — Learn the best 2026 strategies at Pro Live - https://www.cnbc.com/2025/09/10/relentless-bull-market-booming-ai-inflation-threat-learn-the-best-2026-strategies-at-pro-live.html — Dow futures rally on potential China trade truce | 📈 Dow futures rally 250 points on potential China trade truce: Live updates - https://www.cnbc.com/2025/10/26/stock-market-today-live-updates.html — Wall Street trading desks bullish on Big Tech earnings and rate cut
2025-10-27,,,,9,📈 Bullish (Confidence: 0.73),nan,,,"📈 S&P 500 rallies 1%, on pace for first close above 6,800 ever on potential China trade truce: Live... - https://www.cnbc.com/2025/10/26/stock-market-today-live-updates.html — S&P 500 rallies on potential China trade truce | 📈 Stocks making the biggest moves premarket: AMD, Lululemon, GameStop, Nvidia, Five Below and more - https://www.cnbc.com/2025/10/27/stocks-making-the-biggest-moves-premarket-.html — Wall Street trading desks turn bullish on Big Tech earnings and rate cut | 📈 Wall Street trading desks turn bullish, say not to bet against Big Tech earnings, rate cut - https://www.cnbc.com/2025/10/27/wall-street-trading-desks-turn-bullish-say-not-to-bet-against-big-tech-earnings-rate-cut.html — Bull market optimism for a fourth year"
2025-10-28,,6926.0,15.66,0,🔹 Neutral (Confidence: 0.65),nan,,,"📉 Will the bull market make it to a fourth year? — Learn the best 2026 strategies at Pro Live - https://www.cnbc.com/2025/09/10/relentless-bull-market-booming-ai-inflation-threat-learn-the-best-2026-strategies-at-pro-live.html — 10-year Treasury yield at 4% ahead of Fed rate decision may indicate potential market uncertainty | 📈 Stocks making the biggest moves premarket: PayPal, UnitedHealth, Wayfair, Skyworks, UPS and more - https://www.cnbc.com/2025/10/28/stocks-making-big-moves-premarket-skyworks-qorvo-wayfair-ups-and-more.html — Stock futures ticking higher after strong earnings may signal positive market sentiment"
2025-10-28,,,,3,📈 Bullish (Confidence: 0.74),nan,,,"📉 Gold enters correction territory as global investors stop worrying as much about China tensions, Fed... - https://www.cnbc.com/2025/10/28/gold-enters-correction-territory-as-global-investors-stop-worrying-as-much-about-china-tensions-fed-independence-ai-bubble.html — Gold entering correction territory due to reduced worries about China tensions and Fed | 📈 Stocks touch record highs after round of strong earnings: Live updates - https://www.cnbc.com/2025/10/27/stock-market-today-live-updates.html — Stocks touching record highs after strong earnings | 📈 Will the bull market make it to a fourth year? — Learn the best 2026 strategies at Pro Live - https://www.cnbc.com/2025/09/10/relentless-bull-market-booming-ai-inflation-threat-learn-the-best-2026-strategies-at-pro-live.html — Positive outlook on bull market continuing into fourth year | 🔹 Stocks making the biggest moves midday: PayPal, Nokia, VF Corp., UPS, Wayfair & more - https://www.cnbc.com/2025/10/28/stocks-making-the-biggest-moves-midday-pypl-nok-vfc-ups-w.html — Neutral sentiment on stocks making moves midday"
2025-10-29,,,,6,📈 Bullish (Confidence: 0.65),nan,,,"🔹 10-year Treasury yield straddles 4% ahead of Fed decision on rates, quantitative tightening - https://www.cnbc.com/2025/10/29/us-treasury-yields-investors-await-feds-rate-decision-.html — Uncertainty ahead of Fed decision | 📈 S&P 500 futures rise as investors await Fed rate decision; Nvidia climbs: Live updates - https://www.cnbc.com/2025/10/28/stock-market-today-live-updates-.html — S&P 500 futures rising ahead of Fed decision | 📈 Stocks making the biggest moves premarket: Nvidia, Caterpillar, Generac, Caesars Entertainment &... - https://www.cnbc.com/2025/10/29/stocks-making-the-biggest-moves-premarket-nvda-cat-gnrc-czr.html — Positive premarket moves for stocks like Nvidia | 🔹 Will the bull market make it to a fourth year? — Learn the best 2026 strategies at Pro Live - https://www.cnbc.com/2025/09/10/relentless-bull-market-booming-ai-inflation-threat-learn-the-best-2026-strategies-at-pro-live.html — Mixed sentiment about the bull market continuing"
2025-10-29,,,,6,📈 Bullish (Confidence: 0.7),nan,,,📈 Stocks rise to records as traders await Fed rate decision; Nvidia climbs: Live updates - https://www.cnbc.com/2025/10/28/stock-market-today-live-updates-.html — Expectation of Fed rate cut | 📈 The Fed is expected to approve another rate cut Wednesday. Here's what else to expect - https://www.cnbc.com/2025/10/28/fed-rate-cut-preview.html — Bull market optimism and strategies | 🔹 Will the bull market make it to a fourth year? — Learn the best 2026 strategies at Pro Live - https://www.cnbc.com/2025/09/10/relentless-bull-market-booming-ai-inflation-threat-learn-the-best-2026-strategies-at-pro-live.html — Mixed signals from Treasury yield movements
2025-10-30,,6891.5,,0,🔹 Neutral (Confidence: 0.73),nan,,,"📉 Stock futures slide as Meta and Microsoft fall after earnings: Live updates - https://www.cnbc.com/2025/10/29/stock-market-today-live-updates.html — Stock futures slide after Meta and Microsoft fall post-earnings | 📈 Big Tech earnings show AI chip demand is still ‘insatiable’ - https://www.cnbc.com/2025/10/30/big-tech-earnings-show-ai-chip-demand-is-still-insatiable.html — Big Tech earnings indicate strong AI chip demand | 🔹 Stocks making the biggest moves premarket: Alphabet, Microsoft, Meta Platforms, Eli Lilly, Merck &... - https://www.cnbc.com/2025/10/30/stocks-making-the-biggest-moves-premarket-googl-msft-meta-lly-mrk.html — Premarket moves show mixed reactions for Alphabet, Microsoft, Meta Platforms, Eli Lilly, and Merck"
2025-10-30,,,16.52,3,📈 Bullish (Confidence: 0.73),nan,,,"📈 Stocks making the biggest moves premarket: Alphabet, Microsoft, Meta Platforms, Eli Lilly, Merck &... - https://www.cnbc.com/2025/10/30/stocks-making-the-biggest-moves-premarket-googl-msft-meta-lly-mrk.html — Positive premarket moves by big tech companies | 📈 Big Tech earnings show AI chip demand is still ‘insatiable’ - https://www.cnbc.com/2025/10/30/big-tech-earnings-show-ai-chip-demand-is-still-insatiable.html — Strong demand for AI chips indicated by big tech earnings | 📉 Retail traders are bailing on Apple ahead of earnings despite $4 trillion milestone - https://www.cnbc.com/2025/10/30/retail-traders-bail-on-apple-ahead-of-earnings-despite-4-trillion-milestone.html — Retail traders selling off Apple shares despite milestone"
2025-10-31,,,,-3,📉 Bearish (Confidence: 0.75),nan,,,"📉 10-year Treasury yield touches 4.10% following a big rebound this week thanks to a cautious Fed - https://www.cnbc.com/2025/10/31/treasury-yields-edge-higher-as-investors-grapple-with-data-blackout.html — 10-year Treasury yield touching 4.10% indicates bearish sentiment in the market due to rising yields and cautious Fed | 🔹 Stocks making the biggest moves after hours: Apple, Amazon, Coinbase, Netflix and more - https://www.cnbc.com/2025/10/30/stocks-making-the-biggest-moves-after-hours-aapl-amzn-coin-nflx-and-more.html — Stocks making moves after hours and premarket do not indicate a clear bullish or bearish sentiment"
2025-10-31,,,,0,🔹 Neutral (Confidence: 0.8),nan,,,"📈 Stocks making the biggest moves midday: Amazon, Twilio, Reddit, Cloudflare, First Solar and more - https://www.cnbc.com/2025/10/31/stocks-making-the-biggest-moves-midday-amzn-twlo-rddt-net-fslr.html — Amazon's positive impact on AI trade | 📉 S&P 500 and Nasdaq rise as Amazon gets traders excited about AI trade again: Live updates - https://www.cnbc.com/2025/10/30/stock-market-today-live-updates.html — JPMorgan warning of potential reversal in Mag 7 stocks"
2025-11-03,,,,3,📈 Bullish (Confidence: 0.75),nan,,,"📈 Lock in the gain? S&P 500 enters final two months of the year up 16% - https://www.cnbc.com/2025/11/01/lock-in-the-gain-sp-500-enters-final-two-months-of-the-year-up-16percent.html — S&P 500 up 16% for the year | 🔹 Wall Street to begin a historically strong month, but tariffs and more earnings loom - https://www.cnbc.com/2025/10/31/wall-street-to-begin-a-historically-strong-month-but-tariffs-and-more-earnings-loom.html — Wall Street historically strong month but uncertainties exist | 📉 10-year Treasury yield ticks lower as government shutdown enters fourth week - https://www.cnbc.com/2025/11/03/treasury-yields-tick-lower-as-government-shutdown-enters-fourth-week-.html — 10-year Treasury yield lower due to government shutdown | 📈 S&P 500 futures rise to start November trading: Live updates - https://www.cnbc.com/2025/11/02/stock-market-today-live-updates.html — S&P 500 futures rise at the start of November trading"
2025-11-03,,6879.25,,3,📈 Bullish (Confidence: 0.68),nan,,,"🔹 10-year Treasury yield is little changed as government shutdown enters fourth week - https://www.cnbc.com/2025/11/03/treasury-yields-tick-lower-as-government-shutdown-enters-fourth-week-.html — Government shutdown uncertainty keeping yields stable | 📈 Nasdaq rises to start November, pushed higher by Amazon and other AI leaders: Live updates - https://www.cnbc.com/2025/11/02/stock-market-today-live-updates.html — Nasdaq rising, led by AI leaders like Amazon | 🔹 S&P 500 just rose for a 6th straight month. But underneath the surface a problem is lurking - https://www.cnbc.com/2025/11/03/sp-500-has-risen-6-straight-months-a-problem-lurks-underneath-the-surface-.html — S&P 500 rose for 6th straight month but underlying issues present | 🔹 Stocks making the biggest moves premarket: Iren, Kenvue, Cipher Mining, New Gold and more - https://www.cnbc.com/2025/11/03/stocks-making-the-biggest-moves-premarket-iren-kenvue-cipher-mining-and-more.html — Premarket moves indicate mixed sentiment"
2025-11-04,,6811.75,19.28,0,🔹 Neutral (Confidence: 0.8),nan,,,"📉 Stocks making the biggest moves after hours: Palantir, Hims & Hers Health, Clorox and more - https://www.cnbc.com/2025/11/03/stocks-making-the-biggest-moves-after-hours-pltr-hims-clx.html — Palantir decline impacting S&P 500 futures | 📈 S&P 500 futures slide 1% on Palantir decline, rising concerns about AI stock valuations: Live... - https://www.cnbc.com/2025/11/03/stock-market-today-live-updates.html — Nasdaq closes higher, boosted by Amazon and AI leaders"
2025-11-04,,6831.75,,-3,📉 Bearish (Confidence: 0.6),nan,,,"📉 Stocks drop on rising fears about AI stock valuations, Palantir leads decline: Live updates - https://www.cnbc.com/2025/11/03/stock-market-today-live-updates.html — Stocks drop on rising fears about AI stock valuations | 🔹 Bessent says U.S. has 'lots' of options to use on tariffs if it loses Supreme Court case - https://www.cnbc.com/2025/11/04/bessent-says-us-has-lots-of-options-to-use-on-tariffs-if-it-loses-supreme-court-case.html — Tariff uncertainty | 🔹 Stocks making the biggest moves premarket: Uber, Sarepta, Palantir, Norwegian Cruise and more - https://www.cnbc.com/2025/11/04/stocks-making-biggest-moves-premarket-uber-srpt-pltr-nclh-and-more.html — Premarket movements not indicating clear direction | 🔹 Here are the most expensive stocks in the S&P 500 alongside Palantir - https://www.cnbc.com/2025/11/04/here-are-the-most-expensive-stocks-in-the-sp-500-alongside-palantir.html — Comparison of expensive stocks does not provide clear sentiment"
2025-11-05,,,,-3,📉 Bearish (Confidence: 0.6),nan,,,"📉 S&P 500 and Nasdaq futures fall, led by losses in AMD: Live updates - https://www.cnbc.com/2025/11/04/stock-market-today-live-updates.html — S&P 500 and Nasdaq futures fall, led by losses in AMD | 🔹 Treasury yields little changed as government shutdown becomes longest in U.S. history - https://www.cnbc.com/2025/11/05/us-treasury-yields-government-shutdown-longest-in-us-history.html — Treasury yields little changed during government shutdown | 🔹 Watch CNBC’s full interview with OPEC's secretary general at ADIPEC - https://www.cnbc.com/video/2025/11/04/watch-cnbcas-full-interview-with-the-opec-secretary-general-at-adipec.html — Interview with OPEC's secretary general is neutral | 🔹 Stocks making the biggest moves premarket: AMD, Cava, Pinterest, Super Micro Computer and more - https://www.cnbc.com/2025/11/05/stocks-making-the-biggest-moves-premarket-amd-cava-pins-smci.html — Stocks making moves premarket have mixed indicators"
2025-11-05,,,,0,🔹 Neutral (Confidence: 0.7),nan,,,"📉 Stocks making the biggest moves premarket: AMD, Cava, Pinterest, Super Micro Computer and more - https://www.cnbc.com/2025/11/05/stocks-making-the-biggest-moves-premarket-amd-cava-pins-smci.html — Stocks rebounding after a rout | 📈 S&P 500 rebounds from Tuesday's rout as some AI trades recover: Live updates - https://www.cnbc.com/2025/11/04/stock-market-today-live-updates.html — Strong services economy reading pushing Treasury yields up | 🔹 10-year Treasury yield leaps above 4.1% after strong services economy reading - https://www.cnbc.com/2025/11/05/us-treasury-yields-government-shutdown-longest-in-us-history.html — No specific market sentiment indicated in the interview with OPEC's secretary general"
2025-11-06,,,,0,🔹 Neutral (Confidence: 0.65),nan,,,"📈 Watch CNBC’s full interview with OPEC's secretary general at ADIPEC - https://www.cnbc.com/video/2025/11/04/watch-cnbcas-full-interview-with-the-opec-secretary-general-at-adipec.html — Steady stock futures and focus on AI trade | 📉 Stock futures are steady as traders eye AI trade, Supreme Court on tariffs: Live updates - https://www.cnbc.com/2025/11/05/stock-market-today-live-updates.html — Dip in Treasury yields due to legality doubts on Trump's tariffs"
2025-11-06,,,,-6,📉 Bearish (Confidence: 0.62),nan,,,"📉 Stocks making the biggest moves midday: Brighthouse Financial, Duolingo, Datadog, Snap & more - https://www.cnbc.com/2025/11/06/stocks-making-the-biggest-moves-midday-bhf-duol-ddog-snap.html — Dow drops 400 points | 🔹 Chicago Fed's Goolsbee says he's cautious about further rate cuts during shutdown - https://www.cnbc.com/2025/11/06/chicago-feds-goolsbee-says-hes-cautious-about-further-rate-cuts-during-shutdown.html — Chicago Fed cautious about rate cuts | 🔹 Trump may have to refund the tariffs. These stocks would benefit most - https://www.cnbc.com/2025/11/06/trump-may-have-to-refund-the-tariffs-these-stocks-would-benefit-most.html — Tariff refund impact uncertain | 🔹 Watch CNBC’s full interview with OPEC's secretary general at ADIPEC - https://www.cnbc.com/video/2025/11/04/watch-cnbcas-full-interview-with-the-opec-secretary-general-at-adipec.html — OPEC interview not market-moving | 📉 Dow drops 400 points as AI stocks resume their decline, Nasdaq falls 1.9%: Live updates - https://www.cnbc.com/2025/11/05/stock-market-today-live-updates.html — AI stocks decline, Nasdaq falls"
2025-11-07,,,,-6,📉 Bearish (Confidence: 0.75),bearish,6644.63,1.0,"🔹 Watch CNBC’s full interview with OPEC's secretary general at ADIPEC - https://www.cnbc.com/video/2025/11/04/watch-cnbcas-full-interview-with-the-opec-secretary-general-at-adipec.html — Interview with OPEC's secretary general may provide insights but not directly impacting market sentiment | 📉 Stocks making the biggest moves premarket: Opendoor, Affirm, Airbnb, Sunrun, Peloton & more - https://www.cnbc.com/2025/11/07/stocks-making-the-biggest-moves-premarket-open-afrm-abnb-run-pton.html — Stock futures falling with weak tech shares and Nasdaq facing a big weekly loss | 🔹 Treasury yields are little changed as investors continue to face economic data blackout - https://www.cnbc.com/2025/11/07/us-treasury-yields-economic-data-blackout-continues-.html — Treasury yields little changed amidst economic data blackout | 📉 Stock futures fall Friday with tech shares weak again, Nasdaq headed for big weekly loss: Live... - https://www.cnbc.com/2025/11/06/stock-market-today-live-updates.html — Stocks making big moves premarket, indicating potential bearish sentiment"
2025-11-07,,,,6,📈 Bullish (Confidence: 0.6),bearish,6644.63,0.0,"📈 Stocks making the biggest moves premarket: Opendoor, Affirm, Airbnb, Sunrun, Peloton & more - https://www.cnbc.com/2025/11/07/stocks-making-the-biggest-moves-premarket-open-afrm-abnb-run-pton.html — Positive premarket moves in stocks | 📈 Watch CNBC’s full interview with OPEC's secretary general at ADIPEC - https://www.cnbc.com/video/2025/11/04/watch-cnbcas-full-interview-with-the-opec-secretary-general-at-adipec.html — Encouragement to buy the dip in tech stocks | 🔹 Time to buy the dip in tech stocks, Fundstrat technical strategist says - https://www.cnbc.com/2025/11/07/time-to-buy-the-dip-in-tech-stocks-fundstrat-technical-strategist-says.html — Neutral news about missed jobs report due to shutdown"
2025-11-10,,6815.25,18.42,6,📈 Bullish (Confidence: 0.55),nan,,,"📈 Watch CNBC’s full interview with OPEC's secretary general at ADIPEC - https://www.cnbc.com/video/2025/11/04/watch-cnbcas-full-interview-with-the-opec-secretary-general-at-adipec.html — Stocks oversold and could bounce back | 📈 These stocks are the most oversold in the selloff and could be due for a bounce - https://www.cnbc.com/2025/11/08/these-stocks-are-oversold-and-could-bounce-back.html — Stock futures rising with shutdown ending plan | 🔹 Stocks making the biggest moves premarket: American Airlines, Diageo, Palantir & more - https://www.cnbc.com/2025/11/10/stocks-making-the-biggest-moves-premarket-aal-deo-pltr.html — Markets could face digestion period with slow earnings and data | 🔹 Markets could face a digestion period next week as earnings, data slow to a trickle - https://www.cnbc.com/2025/11/07/stock-market-next-week-outlook-for-nov-10-14-2025.html — BOE Governor's statement on monetary policy"
2025-11-10,,6797.25,,0,🔹 Neutral (Confidence: 0.6),nan,,,"📈 Watch CNBC’s full interview with OPEC's secretary general at ADIPEC - https://www.cnbc.com/video/2025/11/04/watch-cnbcas-full-interview-with-the-opec-secretary-general-at-adipec.html — S&P 500 rises as plan to end shutdown moves through Congress | 🔹 Stocks making the biggest moves premarket: American Airlines, Diageo, Palantir & more - https://www.cnbc.com/2025/11/10/stocks-making-the-biggest-moves-premarket-aal-deo-pltr.html — BOE Governor's statement on monetary policy being past 'peak-restrictiveness' is neutral | 📉 S&P 500 rises as plan to end shutdown starts moving through Congress: Live updates - https://www.cnbc.com/2025/11/09/stock-market-today-live-updates.html — Stocks identified as oversold in a selloff may indicate bearish sentiment"
2025-11-11,,,,-3,📉 Bearish (Confidence: 0.67),bearish,6845.68,1.0,"📉 Stock investors are buoying the economy. A labor market breakdown could end that - https://www.cnbc.com/2025/11/11/stocks-are-buoying-wealthy-sentiment-a-labor-market-break-could-end-that.html — S&P 500 futures lower after big rally, tech shares under pressure | 🔹 S&P 500 futures tick lower after big rally in prior session; tech shares under pressure: Live... - https://www.cnbc.com/2025/11/10/stock-market-today-live-updates.html — No clear sentiment from the headline | 🔹 Stocks making the biggest moves premarket: Nvidia, Paramount Skydance, Rigetti Computing & more - https://www.cnbc.com/2025/11/11/stocks-making-the-biggest-moves-premarket-nvda-psky-rgti.html — Focus on market modernization, neutral sentiment"
2025-11-11,,,,-3,📉 Bearish (Confidence: 0.6),bearish,6845.68,1.0,"📉 London Stock Exchange's Julia Hoggett: Identity, courage and modernizing markets - https://www.cnbc.com/video/2025/11/11/julia-hoggett-london-stock-exchange-executive-decisions-podcast.html — Weak jobs data fuels rate cut bets | 📈 Stocks making the biggest moves premarket: Nvidia, Paramount Skydance, Rigetti Computing & more - https://www.cnbc.com/2025/11/11/stocks-making-the-biggest-moves-premarket-nvda-psky-rgti.html — Stocks making big moves premarket | 📉 British assets wobble as weak jobs data fuels bets on a Christmas rate cut - https://www.cnbc.com/2025/11/11/autumn-budget-uk-unemployment-data-adds-pressure-to-reeves.html — British assets wobble due to weak jobs data"
2025-11-12,,,,-3,📉 Bearish (Confidence: 0.75),nan,,,"📉 British assets wobble as weak jobs data fuels bets on a Christmas rate cut - https://www.cnbc.com/2025/11/11/autumn-budget-uk-unemployment-data-adds-pressure-to-reeves.html — Weak jobs data fuels bets on rate cut | 🔹 London Stock Exchange's Julia Hoggett: Identity, courage and modernizing markets - https://www.cnbc.com/video/2025/11/11/julia-hoggett-london-stock-exchange-executive-decisions-podcast.html — No clear sentiment, focus on modernizing markets | 📉 Treasury yields move lower as end of the government shutdown nears - https://www.cnbc.com/2025/11/12/us-treasury-yields-end-of-government-shutdown-nears-.html — Yields move lower as government shutdown nears end | 📈 S&P 500, Nasdaq futures gain as AMD leads tech trade comeback: Live updates - https://www.cnbc.com/2025/11/11/stock-market-today-live-updates.html — Futures gain with tech trade comeback led by AMD"
2025-11-12,,,,0,🔹 Neutral (Confidence: 0.7),nan,,,"📉 British assets wobble as weak jobs data fuels bets on a Christmas rate cut - https://www.cnbc.com/2025/11/11/autumn-budget-uk-unemployment-data-adds-pressure-to-reeves.html — Weak jobs data fuels bets on rate cut | 📈 Stocks making the biggest premarket moves: Advanced Micro Devices, Clearwater Analytics, On Holding... - https://www.cnbc.com/2025/11/12/stocks-making-the-biggest-premarket-moves-amd-cwan-on-and-more.html — Dow rallies to new record with shutdown ending | 🔹 Dow rallies 300 points to new record with shutdown set to end Wednesday: Live updates - https://www.cnbc.com/2025/11/11/stock-market-today-live-updates.html — London Stock Exchange executive interview | 📈 London Stock Exchange's Julia Hoggett: Identity, courage and modernizing markets - https://www.cnbc.com/video/2025/11/11/julia-hoggett-london-stock-exchange-executive-decisions-podcast.html — House to vote on bill to end shutdown | 📉 House to vote on bill to end shutdown around 7 p.m. ET Wednesday, Rep. Scalise says - https://www.cnbc.com/2025/11/12/house-to-vote-on-bill-to-end-shutdown-around-7-pm-et-wednesday-scalise.html — Goldman expects stock boom to slow in next decade"
2025-11-13,,6865.75,17.89,-3,📉 Bearish (Confidence: 0.6),bearish,6734.78,1.0,"📉 Treasury yields little changed as investors cheer end of government shutdown - https://www.cnbc.com/2025/11/13/us-treasury-yields-investors-cheer-end-of-government-shutdown-.html — Weak jobs data fuels bets on rate cut in the UK | 🔹 British assets wobble as weak jobs data fuels bets on a Christmas rate cut - https://www.cnbc.com/2025/11/11/autumn-budget-uk-unemployment-data-adds-pressure-to-reeves.html — Mixed news on analyst calls and premarket moves | 🔹 Stocks making the biggest moves premarket: Walt Disney, Cisco Systems, Firefly Aerospace and more - https://www.cnbc.com/2025/11/13/stocks-making-the-biggest-moves-premarket-walt-disney-cisco-systems-firefly-aerospace-and-more.html — London Stock Exchange executive interview | 🔹 Here are Thursday's biggest analyst calls: Nvidia, Micron, Nike, Cisco, Boeing, CoreWeave, Circle... - https://www.cnbc.com/2025/11/13/thursday-wall-street-analyst-calls-include-stocks-like-nvidia-nike.html — Integration of prediction markets into UFC events"
2025-11-13,6764.23,6787.75,,0,🔹 Neutral (Confidence: 0.6),bearish,6734.78,0.0,"📈 Here are Thursday's biggest analyst calls: Nvidia, Micron, Nike, Cisco, Boeing, CoreWeave, Circle... - https://www.cnbc.com/2025/11/13/thursday-wall-street-analyst-calls-include-stocks-like-nvidia-nike.html — Positive analyst calls on Nvidia, Micron, Nike, Cisco, Boeing | 📉 Stocks making the biggest moves premarket: Walt Disney, Cisco Systems, Firefly Aerospace and more - https://www.cnbc.com/2025/11/13/stocks-making-the-biggest-moves-premarket-walt-disney-cisco-systems-firefly-aerospace-and-more.html — Weak jobs data fuels bets on a Christmas rate cut in the UK | 🔹 London Stock Exchange's Julia Hoggett: Identity, courage and modernizing markets - https://www.cnbc.com/video/2025/11/11/julia-hoggett-london-stock-exchange-executive-decisions-podcast.html — Uncertain impact of government shutdown ending on stock performance"
2025-11-14,,,,-3,📉 Bearish (Confidence: 0.9),nan,,,📉 Treasury yields slide as investors buy up bonds amid stock sell-off - https://www.cnbc.com/2025/11/14/us-treasury-yields-investors-weigh-the-state-of-the-us-economy.html — Investors buying up bonds amid stock sell-off indicates bearish sentiment towards stocks
2025-11-14,,,,0,🔹 Neutral (Confidence: 0.6),nan,,,"🔹 Dow drops 200 points, Nasdaq turns positive following three-day rout: Live updates - https://www.cnbc.com/2025/11/13/stock-market-today-live-updates.html — Mixed signals with Dow dropping but Nasdaq turning positive"
2025-11-17,,,,-6,📉 Bearish (Confidence: 0.65),nan,,,"🔹 Amid market volatility, should retail investors buy the dips or take their profits and run? - https://www.cnbc.com/2025/11/15/amid-market-volatility-should-retail-investors-buy-the-dips-or-take-their-profits-and-run.html — Mixed advice on market strategy amid volatility | 🔹 Stock futures are little changed to start week as traders brace for Nvidia earnings, jobs data: Live... - https://www.cnbc.com/2025/11/16/stock-market-today-live-updates.html — Neutral market sentiment with little change in stock futures | 📉 Treasury yields inch lower as investors anticipate delayed economic data - https://www.cnbc.com/2025/11/17/us-treasury-yields-investors-anticipate-delayed-economic-data.html — Lower Treasury yields indicate investor caution | 📉 UK's Reeves walks a Budget tightrope, as money markets eye unpopular choices - https://www.cnbc.com/2025/11/17/autumn-budget-reeves-must-raise-tax-and-cut-spending-markets-say.html — Money markets anticipate unpopular choices in UK Budget"
2025-11-17,,,,-9,📉 Bearish (Confidence: 0.73),nan,,,"📉 Stocks making the biggest moves premarket: Alphabet, Zymeworks, lithium producers, Quantum... - https://www.cnbc.com/2025/11/17/stocks-making-big-moves-premarket-alphabet-zymeworks-and-more.html — Jeffrey Gundlach's warning about stock market health | 📉 Jeffrey Gundlach sees one of the 'least healthy' stock markets of his career, urges 20% cash - https://www.cnbc.com/2025/11/17/gundlach-sees-one-of-the-least-healthy-stock-markets-of-his-career.html — UK Budget tightrope and unpopular choices | 📉 UK's Reeves walks a Budget tightrope, as money markets eye unpopular choices - https://www.cnbc.com/2025/11/17/autumn-budget-reeves-must-raise-tax-and-cut-spending-markets-say.html — Lower 10-year Treasury yield and delayed economic data"
2025-11-18,,,,-3,📉 Bearish (Confidence: 0.75),nan,,,"📉 Stocks making the biggest moves premarket: Home Depot, Blue Owl Capital, Amer Sports & more - https://www.cnbc.com/2025/11/18/stocks-making-the-biggest-moves-premarket-hd-owl-as-hp.html — S&P 500 futures drop for a fourth day | 🔹 IIF’s Tim Adams on rejecting Enron, building Afghanistan’s central bank and a looming debt crisis - https://www.cnbc.com/video/2025/11/18/tim-adams-iif-executive-decisions-steve-sedgwick-podcast.html — UK's Reeves facing tough budget decisions"
2025-11-18,,,,-6,📉 Bearish (Confidence: 0.68),nan,,,"🔹 IIF’s Tim Adams on rejecting Enron, building Afghanistan’s central bank and a looming debt crisis - https://www.cnbc.com/video/2025/11/18/tim-adams-iif-executive-decisions-steve-sedgwick-podcast.html — Interview covers a mix of topics, no clear sentiment indicated | 📉 Dow drops 400 points, S&P 500 falls for a fourth day as tech slumps, bitcoin briefly dips below... - https://www.cnbc.com/2025/11/17/stock-market-today-live-updates.html — Market decline with tech slump and bitcoin dip | 🔹 Stocks making the biggest moves premarket: Home Depot, Blue Owl Capital, Amer Sports & more - https://www.cnbc.com/2025/11/18/stocks-making-the-biggest-moves-premarket-hd-owl-as-hp.html — Premarket moves do not indicate a clear sentiment | 📉 UK's Reeves walks a Budget tightrope, as money markets eye unpopular choices - https://www.cnbc.com/2025/11/17/autumn-budget-reeves-must-raise-tax-and-cut-spending-markets-say.html — Budget tightrope and unpopular choices suggest bearish sentiment"
2025-11-19,,6651.5,23.96,0,🔹 Neutral (Confidence: 0.8),nan,,,"📈 Stocks making the biggest moves premarket: Target, Lowe's, Viking, Bullish and more - https://www.cnbc.com/2025/11/19/stocks-making-the-biggest-moves-premarket-tgt-low-vik-blsh.html — Stock futures rise and trying to snap losing streak | 📉 Stock futures rise with Nvidia earnings ahead, S&P 500 and Dow try to snap 4-day losing streak: Live... - https://www.cnbc.com/2025/11/18/stock-market-today-live-updates.html — UK inflation cooling boosts chance of rate cut"
2025-11-19,,,,6,📈 Bullish (Confidence: 0.8),nan,,,"📈 Stocks making the biggest moves midday: Alphabet, Nvidia, Lowe's, La-Z-Boy, MP Materials & more - https://www.cnbc.com/2025/11/19/stocks-making-the-biggest-moves-midday-googl-nvda-low-lzb-mp.html — S&P 500 rallies, led by Alphabet jump | 📈 Watch CNBC’s full interview with the Emirates Airline President - https://www.cnbc.com/video/2025/11/18/watch-cnbcs-full-interview-with-the-emirates-airline-president.html — UK inflation cooling increases chance of rate cut"
2025-11-20,,,20.73,3,📈 Bullish (Confidence: 0.6),bearish,6567.28,0.0,"📈 The business behind Alibaba: How China’s tech titan makes billions - https://www.cnbc.com/video/2025/11/20/the-business-behind-alibaba-how-chinas-tech-titan-makes-billions.html — Alibaba making billions | 📈 Stocks making the biggest moves premarket: Nvidia, Walmart, Palo Alto Networks & more - https://www.cnbc.com/2025/11/20/stocks-making-the-biggest-moves-premarket-nvda-wmt-panw.html — Stocks making big moves premarket | 🔹 Treasury yields little changed as investors await delayed jobs report - https://www.cnbc.com/2025/11/20/us-treasury-yields-investors-await-delayed-jobs-report.html — Treasury yields little changed | 📉 UK inflation cools to 3.6% in October, boosting chance of a Christmas rate cut - https://www.cnbc.com/2025/11/19/uk-inflation-at-3point6percent-in-october-boosting-chance-of-december-rate-cut.html — UK inflation cooling, chance of rate cut | 🔹 Watch CNBC’s full interview with the Emirates Airline President - https://www.cnbc.com/video/2025/11/18/watch-cnbcs-full-interview-with-the-emirates-airline-president.html — Interview with Emirates Airline President"
2025-11-20,6659.81,6686.75,23.47,0,🔹 Neutral (Confidence: 0.58),bearish,6567.28,0.0,"📈 UK inflation cools to 3.6% in October, boosting chance of a Christmas rate cut - https://www.cnbc.com/2025/11/19/uk-inflation-at-3point6percent-in-october-boosting-chance-of-december-rate-cut.html — UK inflation cooling and potential rate cut | 🔹 Cleveland Fed's Hammack supports keeping rates around current 'barely restrictive' level - https://www.cnbc.com/2025/11/20/cleveland-feds-hammack-supports-keeping-rates-around-current-barely-restrictive-level.html — Cleveland Fed's stance on rates | 🔹 Watch CNBC’s full interview with the Emirates Airline President - https://www.cnbc.com/video/2025/11/18/watch-cnbcs-full-interview-with-the-emirates-airline-president.html — Interview with Emirates Airline President | 🔹 The business behind Alibaba: How China’s tech titan makes billions - https://www.cnbc.com/video/2025/11/20/the-business-behind-alibaba-how-chinas-tech-titan-makes-billions.html — Business analysis of Alibaba | 📉 Stocks cut gains as Nvidia-led rally fizzles: Live updates - https://www.cnbc.com/2025/11/19/stock-market-today-live-updates.html — Stocks cutting gains"
2025-11-21,,6583.25,25.81,0,🔹 Neutral (Confidence: 0.6),bearish,6607.56,0.0,"📉 Treasury yields dive, prices gain as investors look for safehaven trade from stock sell-off - https://www.cnbc.com/2025/11/21/us-treasury-yields-edge-lower-as-fed-rate-cut-bets-fall.html — Investors seeking safe haven trade from stock sell-off | 🔹 Is Jack Ma back? Inside the rise, fall and return of China's tech mogul - https://www.cnbc.com/video/2025/11/20/is-jack-ma-back-the-rise-fall-and-return-of-chinas-tech-mogul.html — Mixed sentiment around Jack Ma's return | 🔹 Stocks making the biggest moves after hours: Intuit, Gap, Ross Stores and more - https://www.cnbc.com/2025/11/20/stocks-making-the-biggest-moves-after-hours-intu-gap-rost.html — Neutral news about stocks moving after hours | 🔹 Watch CNBC’s full interview with the Emirates Airline President - https://www.cnbc.com/video/2025/11/18/watch-cnbcs-full-interview-with-the-emirates-airline-president.html — General interview with Emirates Airline President | 📈 Stock futures rebound after Fed's Williams revives December rate-cut hopes: Live updates - https://www.cnbc.com/2025/11/20/stock-market-today-live-updates.html — Stock futures rebound after rate-cut hopes revived | 🔹 The business behind Alibaba: How China’s tech titan makes billions - https://www.cnbc.com/video/2025/11/20/the-business-behind-alibaba-how-chinas-tech-titan-makes-billions.html — Informational piece on Alibaba's business operations"
2025-11-21,6583.01,,24.97,0,🔹 Neutral (Confidence: 0.7),bullish,6607.56,0.0,"📉 Citi takes off S&P 500 long trade after Nvidia's failure to 're-ignite' animal spirits - https://www.cnbc.com/2025/11/21/citi-takes-off-sp-500-long-trade-after-nvidias-failure-to-re-ignite-animal-spirits.html — Citi takes off S&P 500 long trade after Nvidia's failure | 📉 Watch CNBC’s full interview with the Emirates Airline President - https://www.cnbc.com/video/2025/11/18/watch-cnbcs-full-interview-with-the-emirates-airline-president.html — Treasury yields slide after Williams suggests Fed could cut again in December | 📈 Treasury yields slide after Williams suggests Fed could cut again in December - https://www.cnbc.com/2025/11/21/us-treasury-yields-edge-lower-as-fed-rate-cut-bets-fall.html — Dow rebounds 400 points from Thursday's AI sell-off as Fed's Williams' revives rate cut hopes | 🔹 Dow rebounds 400 points from Thursday's AI sell-off as Fed's Williams' revives rate cut hopes: Live... - https://www.cnbc.com/2025/11/20/stock-market-today-live-updates.html — News about Jack Ma's return and Alibaba's business operations | 📈 Is Jack Ma back? Inside the rise, fall and return of China's tech mogul - https://www.cnbc.com/video/2025/11/20/is-jack-ma-back-the-rise-fall-and-return-of-chinas-tech-mogul.html — One Fed official may have saved market from another rout"
2025-11-24,6602.99,,,6,📈 Bullish (Confidence: 0.62),bullish,6696.68,1.0,"📈 S&P 500 futures rise as market attempts rebound on holiday-shortened week: Live updates - https://www.cnbc.com/2025/11/23/stock-market-today-live-updates.html — S&P 500 futures rise indicating market rebound | 📈 Stocks making the biggest moves premarket: Novo Nordisk, Tesla, Alphabet, Oscar Health & more - https://www.cnbc.com/2025/11/24/stocks-making-the-biggest-moves-premarket.html — Positive premarket moves of Novo Nordisk, Tesla, Alphabet, etc. | 🔹 Is Jack Ma back? Inside the rise, fall and return of China's tech mogul - https://www.cnbc.com/video/2025/11/20/is-jack-ma-back-the-rise-fall-and-return-of-chinas-tech-mogul.html — Neutral news about Jack Ma's return | 🔹 The business behind Alibaba: How China’s tech titan makes billions - https://www.cnbc.com/video/2025/11/20/the-business-behind-alibaba-how-chinas-tech-titan-makes-billions.html — Neutral information on Alibaba's business operations | 🔹 10-year Treasury yield edges lower as investors await delayed economic data - https://www.cnbc.com/2025/11/24/us-treasury-yields-investors-await-delayed-economic-data-.html — 10-year Treasury yield edges lower, awaiting economic data"
2025-11-24,6697.33,,21.2,6,📈 Bullish (Confidence: 0.7),bearish,6696.68,0.0,"📈 The business behind Alibaba: How China’s tech titan makes billions - https://www.cnbc.com/video/2025/11/20/the-business-behind-alibaba-how-chinas-tech-titan-makes-billions.html — Positive coverage of Alibaba's business and potential growth | 📉 Is Jack Ma back? Inside the rise, fall and return of China's tech mogul - https://www.cnbc.com/video/2025/11/20/is-jack-ma-back-the-rise-fall-and-return-of-chinas-tech-mogul.html — Uncertainty surrounding Jack Ma's return and its impact on Alibaba | 📈 Stocks making the biggest moves premarket: Novo Nordisk, Tesla, Alphabet, Oscar Health & more - https://www.cnbc.com/2025/11/24/stocks-making-the-biggest-moves-premarket.html — Positive movement in premarket for Novo Nordisk, Tesla, and Alphabet | 📈 S&P 500 rises as AI trade attempts comeback led by Alphabet: Live updates - https://www.cnbc.com/2025/11/23/stock-market-today-live-updates.html — S&P 500 rising with AI trade comeback led by Alphabet"
2025-11-25,6705.12,6721.5,20.0,-3,📉 Bearish (Confidence: 0.65),bullish,6746.23,0.0,"🔹 Treasury yields are little changed as Fed cut remains in focus - https://www.cnbc.com/2025/11/25/us-treasury-yields-fed-cut-remains-in-focus.html — Uncertainty around Fed cut impact on yields | 📉 Is Jack Ma back? Inside the rise, fall and return of China's tech mogul - https://www.cnbc.com/video/2025/11/20/is-jack-ma-back-the-rise-fall-and-return-of-chinas-tech-mogul.html — Accelerated private payroll losses indicated economic challenges"
2025-11-25,6728.43,6742.25,19.33,-6,📉 Bearish (Confidence: 0.7),bullish,6746.23,0.0,"📉 Nasdaq retreats one day after big rally as Nvidia drops: Live updates - https://www.cnbc.com/2025/11/24/stock-market-today-live-updates.html — Nasdaq retreats after big rally | 📉 S&P 500 entering 'corrective phase' that could take it down 8% to 10%, says Raymond James - https://www.cnbc.com/2025/11/25/sp-500-corrective-phase-could-take-it-down-10percent-says-raymond-james.html — S&P 500 entering corrective phase | 🔹 Is Jack Ma back? Inside the rise, fall and return of China's tech mogul - https://www.cnbc.com/video/2025/11/20/is-jack-ma-back-the-rise-fall-and-return-of-chinas-tech-mogul.html — No clear indication in the headline"
2025-11-26,6765.88,6799.5,18.11,3,📈 Bullish (Confidence: 0.8),bullish,6822.36,1.0,"📉 Treasury yields inch higher as investors weigh the state of the U.S. economy - https://www.cnbc.com/2025/11/26/us-treasury-yields-investors-weigh-the-state-of-the-us-economy.html — Treasury yields inching higher may indicate concerns about the economy | 📈 Stock futures rise after Dow notches third winning session: Live updates - https://www.cnbc.com/2025/11/25/stock-market-today-live-updates.html — Stock futures rising after Dow's winning streak suggests positive market sentiment | 📈 Stocks making the biggest moves premarket: Deere, Dell Technologies, HP, Autodesk & more - https://www.cnbc.com/2025/11/26/stocks-making-the-biggest-moves-premarket-de-dell-hpq-adsk.html — Stocks making big moves premarket can indicate investor optimism"
2025-11-26,,,,9,📈 Bullish (Confidence: 0.73),bearish,6822.36,0.0,"📈 CFRA longtime strategist Sam Stovall sees S&P 500 hitting 7,400 next year - https://www.cnbc.com/2025/11/26/cfra-long-time-strategist-sam-stovall-sees-sp-500-hitting-7400-next-year.html — Positive outlook from CFRA strategist and JPMorgan | 📈 JPMorgan gives bullish 2026 outlook. Why it thinks S&P 500 8,000 is in play - https://www.cnbc.com/2025/11/26/jpmorgan-gives-bullish-2026-outlook-why-it-thinks-sp-500-8000-is-in-play.html — Stocks rising ahead of Thanksgiving holiday | 📈 Stocks rise ahead of Thanksgiving holiday, building on strong gains for the week: Live updates - https://www.cnbc.com/2025/11/25/stock-market-today-live-updates.html — Positive premarket moves of stocks like Deere, Dell Technologies, HP, Autodesk"
2025-11-27,6812.61,,,6,📈 Bullish (Confidence: 0.85),bearish,6812.61,0.0,"📈 Stocks making the biggest moves midday: Dell, Arrowhead Pharmaceuticals, Urban Outfitters & more - https://www.cnbc.com/2025/11/26/stocks-making-the-biggest-moves-midday-dell-arwr-urbn.html — Positive outlook by CFRA strategist and JPMorgan | 📈 Stocks log fourth day of gains ahead of Thanksgiving as tech rebounds - https://www.cnbc.com/2025/11/25/stock-market-today-live-updates.html — Stocks making big moves and logging gains"
2025-11-27,6812.61,,17.21,6,📈 Bullish (Confidence: 0.7),bearish,6812.61,0.0,"📉 Bank of America expects a meager gain for stocks next year - https://www.cnbc.com/2025/11/27/bank-of-america-expects-a-meager-gain-for-stocks-next-year.html — Bank of America expects meager gain for stocks next year | 📈 CFRA longtime strategist Sam Stovall sees S&P 500 hitting 7,400 next year - https://www.cnbc.com/2025/11/26/cfra-long-time-strategist-sam-stovall-sees-sp-500-hitting-7400-next-year.html — CFRA strategist predicts S&P 500 hitting 7,400 next year | 📈 JPMorgan gives bullish 2026 outlook. Why it thinks S&P 500 8,000 is in play - https://www.cnbc.com/2025/11/26/jpmorgan-gives-bullish-2026-outlook-why-it-thinks-sp-500-8000-is-in-play.html — JPMorgan gives bullish 2026 outlook, S&P 500 8,000 in play | 📈 Stocks log fourth day of gains ahead of Thanksgiving as tech rebounds - https://www.cnbc.com/2025/11/25/stock-market-today-live-updates.html — Stocks log fourth day of gains ahead of Thanksgiving | 🔹 From stocks to property, here’s what the Autumn Budget means for UK assets - https://www.cnbc.com/2025/11/27/autumn-budget-what-rachel-reeves-tax-hikes-mean-for-uk-assets.html — Autumn Budget impact on UK assets neutral"
2025-11-28,6812.61,6835.0,17.48,-6,📉 Bearish (Confidence: 0.7),bullish,6839.27,0.0,"🔹 Stocks making the biggest moves premarket: CME Group, Tilray Brands, SanDisk & more - https://www.cnbc.com/2025/11/28/stocks-making-the-biggest-moves-premarket-cme-tlry-sndk.html — Mixed news about stocks and assets in the UK | 📉 From stocks to property, here’s what the Autumn Budget means for UK assets - https://www.cnbc.com/2025/11/27/autumn-budget-what-rachel-reeves-tax-hikes-mean-for-uk-assets.html — CME halt affecting U.S. Treasury trading | 📉 U.S. Treasury trading disrupted after CME halt - https://www.cnbc.com/2025/11/28/us-treasury-yields-trading-disrupted-after-cme-halt.html — Bank of America's prediction of meager stock gains next year"
2025-11-28,6840.27,6853.25,,-6,📉 Bearish (Confidence: 0.55),bearish,6839.27,1.0,"📉 From stocks to property, here’s what the Autumn Budget means for UK assets - https://www.cnbc.com/2025/11/27/autumn-budget-what-rachel-reeves-tax-hikes-mean-for-uk-assets.html — Tax hikes impacting UK assets | 🔹 Treasury yields inch higher after CME trading disruption - https://www.cnbc.com/2025/11/28/us-treasury-yields-trading-disrupted-after-cme-halt.html — Trading disruption causing uncertainty in Treasury yields | 📉 Nasdaq rises, but still heads for a losing month: Live updates - https://www.cnbc.com/2025/11/27/stock-market-today-live-updates.html — Nasdaq heading for a losing month | 🔹 Stocks making the biggest moves premarket: CME Group, Tilray Brands, SanDisk & more - https://www.cnbc.com/2025/11/28/stocks-making-the-biggest-moves-premarket-cme-tlry-sndk.html — Premarket moves not indicating a clear direction"
2025-12-01,6849.09,,18.03,-3,📉 Bearish (Confidence: 0.68),Bearish,6831.35,1,"📉 Stock futures fall to kick off December with tech stocks, bitcoin declining: Live updates - https://www.cnbc.com/2025/11/30/stock-market-today-live-updates.html — Stock futures and tech stocks declining | 📉 Treasury yields move higher as traders increase bets on Fed rate cut - https://www.cnbc.com/2025/12/01/us-treasury-yields-traders-increase-bets-on-fed-rate-cut-.html — Traders increasing bets on Fed rate cut may indicate economic concerns | 🔹 From stocks to property, here’s what the Autumn Budget means for UK assets - https://www.cnbc.com/2025/11/27/autumn-budget-what-rachel-reeves-tax-hikes-mean-for-uk-assets.html — Neutral impact of Autumn Budget on UK assets | 📈 'You need to use AI to fight AI' when it comes to online shopping: Forter CEO - https://www.cnbc.com/video/2025/11/28/black-friday-you-need-to-use-ai-to-fight-ai-says-forter-ceo.html — Positive outlook on using AI in online shopping"
2025-12-01,6834.97,6846.75,16.84,3,📈 Bullish (Confidence: 0.76),Bearish,6831.35,0,"📈 'You need to use AI to fight AI' when it comes to online shopping: Forter CEO - https://www.cnbc.com/video/2025/11/28/black-friday-you-need-to-use-ai-to-fight-ai-says-forter-ceo.html — AI utilization for online shopping | 📈 Treasury yields move higher as markets look to faster economic growth in 2026 - https://www.cnbc.com/2025/12/01/us-treasury-yields-traders-increase-bets-on-fed-rate-cut-.html — Expectation of faster economic growth leading to higher yields | 📉 Bitcoin starts financial markets off on wrong foot to begin December - https://www.cnbc.com/2025/12/01/bitcoin-starts-financial-markets-off-on-wrong-foot-to-begin-december.html — Bitcoin negatively impacting financial markets | 📉 Stocks fall to kick off December as bitcoin, tech stocks decline: Live updates - https://www.cnbc.com/2025/11/30/stock-market-today-live-updates.html — Stocks and tech stocks decline | 📈 U.S. announces zero tariff pharmaceutical deal with Britain - https://www.cnbc.com/2025/12/01/us-announces-zero-tariff-pharmaceutical-deal-with-britain.html — Positive zero tariff pharmaceutical deal announcement"
2025-12-02,N/A,6843.25,N/A,3,📈 Bullish (Confidence: 0.65),nan,nan,nan,"📈 Stocks making the biggest moves premarket: MongoDB, Strategy, Signet Jewelers, Credo and more - https://www.cnbc.com/2025/12/02/stocks-making-the-biggest-moves-premarket-.html — Stock futures rebound and tech stocks gain | 📉 U.S. announces zero tariff pharmaceutical deal with Britain - https://www.cnbc.com/2025/12/01/us-announces-zero-tariff-pharmaceutical-deal-with-britain.html — Persistent inflation may delay rate cuts | 🔹 Stock futures rebound as bitcoin bounces, tech stocks gain: Live updates - https://www.cnbc.com/2025/12/01/stock-market-today-live-updates.html — Treasury yields little changed, investors uncertain | 📈 Persistent inflation may delay rate cuts, says Bank of England rate-setter - https://www.cnbc.com/video/2025/12/01/persistent-inflation-may-delay-cuts-says-bank-of-england-rate-setter.html — U.S. announces zero tariff pharmaceutical deal with Britain"
2025-12-02,6823.33,6830.5,N/A,0,🔹 Neutral (Confidence: 0.62),nan,nan,nan,"🔹 10-year Treasury yield little changed as investors discount a Fed rate cut next week - https://www.cnbc.com/2025/12/02/treasury-yields-little-changed-as-investors-seek-interest-rate-clues.html — Mixed signals on Fed rate cut | 📉 Persistent inflation may delay rate cuts, says Bank of England rate-setter - https://www.cnbc.com/video/2025/12/01/persistent-inflation-may-delay-cuts-says-bank-of-england-rate-setter.html — Inflation concerns may delay rate cuts | 📈 U.S. announces zero tariff pharmaceutical deal with Britain - https://www.cnbc.com/2025/12/01/us-announces-zero-tariff-pharmaceutical-deal-with-britain.html — Positive trade news with zero tariff deal | 🔹 Stocks making the biggest moves premarket: MongoDB, Strategy, Signet Jewelers, Credo and more - https://www.cnbc.com/2025/12/02/stocks-making-the-biggest-moves-premarket-.html — Premarket moves indicate mixed sentiment | 🔹 Stocks making the biggest moves midday: Maplebear, Boeing, Credo Technology, XPO, MongoDB & more - https://www.cnbc.com/2025/12/02/stocks-making-the-biggest-moves-midday-cart-ba-crdo-xpo-mdb.html — Midday moves show varied market reactions"
2025-12-03,6829.37,6856.5,N/A,3,📈 Bullish (Confidence: 0.6),nan,nan,nan,"📈 Stocks making the biggest moves premarket: American Eagle Outfitters, Okta, Microchip Technology and... - https://www.cnbc.com/2025/12/03/stocks-making-big-moves-premarket-aeo-okta-mchp-and-more.html — American Eagle Outfitters making big moves premarket | 📈 U.S. announces zero tariff pharmaceutical deal with Britain - https://www.cnbc.com/2025/12/01/us-announces-zero-tariff-pharmaceutical-deal-with-britain.html — Zero tariff pharmaceutical deal between U.S. and Britain | 🔹 Stocks making the biggest moves after hours: CrowdStrike, American Eagle Outfitters, Marvell... - https://www.cnbc.com/2025/12/02/stocks-making-the-biggest-moves-after-hours-crwd-aeo-mrvl-gtlb.html — Neutral impact on stocks from after-hours moves | 📉 10-year Treasury yield slides after surprise decline in private payrolls - https://www.cnbc.com/2025/12/03/us-treasury-yields-investors-await-further-economic-data-.html — 10-year Treasury yield slides after surprise decline in private payrolls | 🔹 Persistent inflation may delay rate cuts, says Bank of England rate-setter - https://www.cnbc.com/video/2025/12/01/persistent-inflation-may-delay-cuts-says-bank-of-england-rate-setter.html — Mixed sentiment on rate cuts due to inflation concerns"
